,mun_id,mun,mun_type,area_km2,pop_total,total,active_total,active_employed,active_unemployed,active_unemp_former,active_unemp_firstjob,inactive_total,inactive_students,inactive_houshold,labor_pariticpation_rate,total_nat,serbs,albanians,bosnians,bulgarians,bunjevci,vlasi,goranci,yugoslavs,hungarians,macedonians,muslims,germans,roma,romanians,russians,rusini,slovaks,slovenians,ukranians,croats,montenegrins,rest,undeclared,regional_assoc,unkown,majority_nationality,wage_2010,wage_2011,wage_2012,wage_2013,wage_2014,employment_rate,employment_per_pop,share_serbian,pop_density
0,70017,Aleksandrovac,normal,387.0,25580.0,26522.0,10460.0,8884.0,1576.0,831.0,745.0,16062.0,2276.0,2786.0,0.394389563381,26522.0,25682.0,5.0,1.0,7.0,,,,6.0,,10.0,1.0,,84.0,2.0,3.0,,,1.0,,8.0,23.0,9.0,71.0,,609.0,serbs,22723.0,27557.0,31134.0,32973.0,31317.0,0.849330783939,0.347302580141,0.968328180379,66.0981912145
1,70025,Aleksinac,normal,707.0,49928.0,51863.0,19232.0,12909.0,6323.0,3512.0,2811.0,32631.0,3373.0,5744.0,0.37082313017,51863.0,47563.0,18.0,8.0,45.0,,21.0,13.0,49.0,16.0,98.0,37.0,6.0,1937.0,20.0,15.0,2.0,3.0,30.0,,50.0,68.0,35.0,474.0,9.0,1346.0,serbs,27703.0,30710.0,32531.0,36032.0,36954.0,0.671225041597,0.258552315334,0.917089254382,70.6195190948
2,70033,Arandjelovac,normal,376.0,45125.0,46225.0,18148.0,13721.0,4427.0,2755.0,1672.0,28077.0,3475.0,4182.0,0.392601406165,46225.0,44581.0,3.0,1.0,15.0,1.0,2.0,1.0,49.0,17.0,60.0,18.0,6.0,382.0,25.0,14.0,3.0,3.0,8.0,4.0,38.0,186.0,36.0,286.0,32.0,454.0,serbs,29348.0,32092.0,35968.0,37517.0,40324.0,0.75606127397,0.304066481994,0.964434829638,120.013297872
3,70041,Arilje,normal,349.0,18495.0,18792.0,9317.0,8318.0,999.0,668.0,331.0,9475.0,1575.0,849.0,0.49579608344,18792.0,18407.0,2.0,4.0,8.0,,,,4.0,2.0,9.0,10.0,,120.0,,3.0,1.0,1.0,,5.0,8.0,22.0,9.0,132.0,,45.0,serbs,21886.0,25259.0,24021.0,28037.0,28053.0,0.892776644843,0.449743173831,0.979512558536,52.994269341
4,70050,Babusnica,normal,529.0,11478.0,12307.0,4795.0,3180.0,1615.0,860.0,755.0,7512.0,659.0,1004.0,0.389615665881,12307.0,10933.0,1.0,1.0,632.0,,,,9.0,,5.0,1.0,3.0,244.0,3.0,,,,,,2.0,1.0,5.0,336.0,2.0,129.0,serbs,27603.0,26849.0,28105.0,28843.0,32205.0,0.663190823775,0.277051751176,0.888356220037,21.6975425331
5,70068,Bajina Basta,normal,673.0,25205.0,26022.0,11834.0,10148.0,1686.0,1119.0,567.0,14188.0,2042.0,2603.0,0.45476904158,26022.0,25638.0,8.0,1.0,1.0,,,1.0,17.0,3.0,13.0,9.0,1.0,1.0,1.0,10.0,,4.0,2.0,1.0,13.0,43.0,8.0,121.0,3.0,123.0,serbs,30460.0,31839.0,35512.0,36754.0,36356.0,0.857529153287,0.40261852807,0.985243255707,37.4517087667
6,70076,Batocina,normal,136.0,11427.0,11760.0,4235.0,3054.0,1181.0,744.0,437.0,7525.0,803.0,1538.0,0.360119047619,11760.0,11514.0,7.0,,1.0,,,,9.0,1.0,27.0,2.0,2.0,55.0,2.0,3.0,,3.0,,,6.0,18.0,9.0,74.0,3.0,24.0,serbs,24930.0,27127.0,28759.0,28732.0,29604.0,0.721133412043,0.26726174849,0.979081632653,84.0220588235
7,70084,Bela Palanka,normal,517.0,11559.0,12126.0,4296.0,2639.0,1657.0,994.0,663.0,7830.0,764.0,1161.0,0.354280059377,12126.0,10395.0,,,8.0,,,4.0,5.0,4.0,8.0,10.0,2.0,1418.0,,5.0,,1.0,,,4.0,5.0,8.0,144.0,,105.0,serbs,19677.0,22008.0,24359.0,26875.0,27594.0,0.614292364991,0.228306946968,0.85724888669,22.3578336557
8,70092,Beograd-Barajevo,city-district,213.0,27031.0,27110.0,10454.0,7792.0,2662.0,1872.0,790.0,16656.0,1614.0,2456.0,0.385614164515,27110.0,25496.0,16.0,7.0,9.0,,,28.0,36.0,10.0,85.0,35.0,6.0,252.0,10.0,12.0,2.0,7.0,10.0,6.0,55.0,109.0,32.0,266.0,7.0,614.0,serbs,29372.0,31874.0,34739.0,38026.0,37503.0,0.745360627511,0.288261625541,0.940464773146,126.906103286
9,70106,Beograd-Vozdovac,city-district,148.0,163764.0,158213.0,68744.0,56779.0,11965.0,8427.0,3538.0,89469.0,14489.0,6615.0,0.434502853748,158213.0,146607.0,125.0,137.0,102.0,10.0,29.0,328.0,678.0,163.0,727.0,324.0,39.0,1169.0,83.0,93.0,19.0,66.0,156.0,34.0,615.0,906.0,521.0,3619.0,119.0,1544.0,serbs,36204.0,37801.0,40449.0,42588.0,44962.0,0.82594844641,0.346712342151,0.926643196198,1106.51351351
10,70114,Beograd-Vracar,city-district,3.0,56922.0,56333.0,25009.0,21238.0,3771.0,2653.0,1118.0,31324.0,5472.0,1240.0,0.443949372481,56333.0,50561.0,43.0,39.0,24.0,11.0,1.0,122.0,601.0,62.0,176.0,105.0,22.0,254.0,34.0,71.0,16.0,22.0,97.0,7.0,266.0,530.0,328.0,1777.0,63.0,1101.0,serbs,45419.0,49113.0,53655.0,57194.0,59958.0,0.849214282858,0.373107058782,0.897537855254,18974.0
11,70122,Beograd-Grocka,city-district,300.0,85214.0,83907.0,34847.0,28486.0,6361.0,4451.0,1910.0,49060.0,6285.0,7116.0,0.415305040104,83907.0,78979.0,13.0,69.0,161.0,,3.0,394.0,96.0,65.0,374.0,198.0,9.0,855.0,34.0,58.0,3.0,13.0,21.0,16.0,129.0,256.0,121.0,941.0,31.0,1068.0,serbs,31347.0,33000.0,36960.0,40885.0,39276.0,0.817459178695,0.334287793086,0.941268308961,284.046666667
12,70144,Beograd-Vracar (2),city-district,,,,,,,,,,,,,,,,,,,,,,,,,,,,,,,,,,,,,,,,,,,,,,,,
13,70149,Beograd-Zvezdara,city-district,31.0,156872.0,151808.0,69061.0,56599.0,12462.0,9187.0,3275.0,82747.0,13889.0,5243.0,0.454923324199,151808.0,137132.0,91.0,168.0,165.0,12.0,12.0,372.0,695.0,180.0,723.0,364.0,25.0,1644.0,80.0,121.0,13.0,78.0,121.0,34.0,486.0,971.0,523.0,3878.0,119.0,3801.0,serbs,36752.0,40776.0,43266.0,46237.0,46478.0,0.819550831873,0.360797337957,0.903325252951,5060.38709677
14,70157,Beograd-Zemun,city-district,150.0,170793.0,168170.0,73137.0,59501.0,13636.0,9777.0,3859.0,95033.0,13528.0,9032.0,0.434899209134,168170.0,147810.0,165.0,170.0,81.0,19.0,26.0,383.0,995.0,205.0,557.0,496.0,98.0,5599.0,64.0,107.0,38.0,170.0,156.0,85.0,1411.0,748.0,1544.0,4821.0,209.0,2213.0,serbs,42902.0,43591.0,47329.0,48738.0,50404.0,0.813555382365,0.34838078844,0.878932033062,1138.62
15,70165,Beograd-Lazarevac,city-district,383.0,58049.0,58622.0,24410.0,20847.0,3563.0,1742.0,1821.0,34212.0,4607.0,5985.0,0.416396574665,58622.0,55987.0,12.0,2.0,9.0,3.0,3.0,9.0,45.0,21.0,66.0,45.0,5.0,650.0,29.0,20.0,1.0,7.0,16.0,9.0,47.0,166.0,35.0,426.0,3.0,1006.0,serbs,47093.0,55879.0,62742.0,64941.0,63072.0,0.854035231463,0.359127633551,0.955051004742,151.563968668
16,70173,Beograd-Mladenovac,city-district,339.0,52715.0,53096.0,21087.0,15983.0,5104.0,3159.0,1945.0,32009.0,3781.0,4774.0,0.397148561097,53096.0,50231.0,4.0,6.0,25.0,2.0,,17.0,68.0,33.0,94.0,15.0,5.0,1022.0,5.0,36.0,1.0,4.0,11.0,6.0,65.0,118.0,36.0,535.0,15.0,742.0,serbs,26010.0,27621.0,28984.0,29148.0,30178.0,0.757955138237,0.303196433653,0.946041133042,155.501474926
17,70181,Beograd-Novi Beograd,city-district,41.0,214277.0,214506.0,95500.0,81518.0,13982.0,10140.0,3842.0,119006.0,19547.0,7111.0,0.445208991823,214506.0,190834.0,223.0,343.0,111.0,48.0,30.0,304.0,1706.0,322.0,1221.0,813.0,60.0,3020.0,90.0,263.0,66.0,177.0,394.0,42.0,1812.0,2115.0,1415.0,7019.0,231.0,1847.0,serbs,52654.0,58104.0,60128.0,59266.0,62303.0,0.853591623037,0.380432804267,0.889644112519,5226.26829268
18,70190,Beograd-Obrenovac,city-district,410.0,72522.0,72524.0,28633.0,22663.0,5970.0,3858.0,2112.0,43891.0,5017.0,7996.0,0.394807236225,72524.0,67185.0,17.0,14.0,26.0,7.0,1.0,5.0,99.0,37.0,138.0,73.0,11.0,1574.0,43.0,31.0,2.0,18.0,14.0,8.0,106.0,200.0,131.0,1021.0,6.0,1757.0,serbs,38888.0,45779.0,51505.0,53409.0,54336.0,0.791499318968,0.312498276385,0.926382990458,176.882926829
19,70203,Beograd-Palilula,city-district,451.0,177258.0,173521.0,77603.0,63278.0,14325.0,10318.0,4007.0,95918.0,15033.0,8972.0,0.447225407876,173521.0,152061.0,223.0,304.0,175.0,12.0,23.0,2376.0,863.0,296.0,953.0,819.0,81.0,5607.0,637.0,162.0,15.0,103.0,137.0,73.0,687.0,915.0,593.0,4294.0,136.0,1976.0,serbs,44382.0,48932.0,54369.0,57675.0,61379.0,0.815406620878,0.356982477519,0.876326208355,393.033259424
20,70211,Beograd-Rakovica,city-district,30.0,108910.0,108641.0,48195.0,39040.0,9155.0,6698.0,2457.0,60446.0,9282.0,3709.0,0.443617050653,108641.0,100937.0,105.0,114.0,71.0,9.0,16.0,338.0,400.0,103.0,536.0,194.0,18.0,600.0,40.0,67.0,21.0,38.0,91.0,34.0,434.0,780.0,333.0,2134.0,64.0,1164.0,serbs,30231.0,38884.0,36151.0,38312.0,36085.0,0.810042535533,0.358461114682,0.929087545218,3630.33333333
21,70220,Beograd-Savski Venac,city-district,14.0,37779.0,39122.0,17005.0,14516.0,2489.0,1708.0,781.0,22117.0,4015.0,1180.0,0.434665916875,39122.0,34742.0,23.0,38.0,27.0,6.0,5.0,128.0,394.0,49.0,191.0,68.0,21.0,237.0,29.0,44.0,4.0,33.0,58.0,7.0,251.0,369.0,310.0,1419.0,38.0,631.0,serbs,41358.0,45564.0,47960.0,50945.0,51456.0,0.853631284916,0.384234627703,0.888042533613,2698.5
22,70238,Beograd-Sopot,city-district,271.0,20192.0,20367.0,7676.0,5970.0,1706.0,1114.0,592.0,12691.0,1200.0,2201.0,0.376884175382,20367.0,19554.0,9.0,,8.0,2.0,,,31.0,13.0,37.0,6.0,4.0,148.0,10.0,14.0,1.0,5.0,3.0,2.0,34.0,52.0,20.0,141.0,6.0,267.0,serbs,25305.0,27558.0,29492.0,32189.0,31664.0,0.777748827514,0.295661648177,0.960082486375,74.5092250923
23,70246,Beograd-Stari Grad,city-district,5.0,47190.0,48450.0,21725.0,18382.0,3343.0,2375.0,968.0,26725.0,4652.0,1285.0,0.448400412797,48450.0,43208.0,63.0,40.0,28.0,12.0,14.0,156.0,613.0,53.0,203.0,97.0,31.0,116.0,35.0,68.0,11.0,34.0,84.0,11.0,268.0,441.0,427.0,1805.0,93.0,539.0,serbs,45274.0,50260.0,58858.0,66163.0,64978.0,0.846121979287,0.389531680441,0.891805985552,9438.0
24,70254,Beograd-cukarica,city-district,157.0,180455.0,181231.0,80321.0,65176.0,15145.0,11105.0,4040.0,100910.0,16376.0,7782.0,0.443196804079,181231.0,166258.0,108.0,137.0,155.0,18.0,19.0,352.0,648.0,164.0,794.0,242.0,50.0,3163.0,56.0,120.0,30.0,75.0,156.0,32.0,713.0,1137.0,532.0,3809.0,93.0,2370.0,serbs,32951.0,36563.0,42116.0,44180.0,43673.0,0.811444080626,0.361175916433,0.917381684149,1149.39490446
25,70262,Blace,normal,306.0,11212.0,11754.0,4098.0,2881.0,1217.0,729.0,488.0,7656.0,906.0,954.0,0.348647269015,11754.0,11551.0,,,1.0,,,,7.0,4.0,6.0,8.0,,86.0,,2.0,,,,1.0,3.0,11.0,7.0,36.0,2.0,29.0,serbs,23744.0,27326.0,30140.0,31198.0,30818.0,0.703025866276,0.256956831966,0.982729283648,36.6405228758
26,70289,Bogatic,normal,384.0,27881.0,28883.0,11858.0,10634.0,1224.0,593.0,631.0,17025.0,1955.0,4094.0,0.410552920403,28883.0,27517.0,3.0,,5.0,,,,27.0,7.0,11.0,18.0,2.0,514.0,4.0,3.0,1.0,4.0,3.0,11.0,33.0,7.0,14.0,322.0,7.0,370.0,serbs,24458.0,27404.0,30596.0,33330.0,33456.0,0.896778546129,0.38140669273,0.952705743863,72.6067708333
27,70297,Bojnik,normal,264.0,10714.0,11104.0,5134.0,4017.0,1117.0,548.0,569.0,5970.0,595.0,1118.0,0.462355907781,11104.0,9197.0,,,1.0,,,,1.0,1.0,10.0,,,1649.0,,2.0,,1.0,,1.0,2.0,17.0,3.0,48.0,,171.0,serbs,25150.0,28535.0,31729.0,34523.0,34216.0,0.782430853136,0.374929998133,0.828260086455,40.5833333333
28,70319,Boljevac,normal,828.0,12231.0,12994.0,5716.0,4997.0,719.0,475.0,244.0,7278.0,772.0,919.0,0.439895336309,12994.0,8372.0,4.0,,8.0,,3356.0,,11.0,2.0,19.0,20.0,2.0,287.0,92.0,2.0,,1.0,2.0,,9.0,3.0,54.0,617.0,9.0,124.0,serbs,24910.0,27878.0,32044.0,35674.0,34904.0,0.874212736179,0.408552039899,0.644297368016,14.7717391304
29,70327,Bor,normal,856.0,47444.0,48615.0,20891.0,16362.0,4529.0,2683.0,1846.0,27724.0,4060.0,3457.0,0.429723336419,48615.0,35435.0,113.0,13.0,60.0,1.0,6701.0,4.0,87.0,24.0,429.0,61.0,17.0,1758.0,293.0,19.0,1.0,12.0,47.0,4.0,79.0,96.0,185.0,2549.0,16.0,611.0,serbs,34301.0,42080.0,48428.0,52381.0,51983.0,0.783208080034,0.344869741169,0.728890260208,55.4252336449
30,70335,Bosilegrad,normal,571.0,7729.0,8129.0,4528.0,3839.0,689.0,417.0,272.0,3601.0,581.0,439.0,0.557018083405,8129.0,895.0,1.0,,5839.0,,,,20.0,,38.0,,,162.0,,,2.0,1.0,,1.0,1.0,2.0,12.0,1110.0,2.0,43.0,bulgarians,20939.0,26648.0,31461.0,34186.0,33977.0,0.847835689046,0.496700737482,0.110099643253,13.5359019264
31,70343,Brus,normal,606.0,15706.0,16317.0,7324.0,6319.0,1005.0,619.0,386.0,8993.0,1470.0,1037.0,0.448857020286,16317.0,15932.0,7.0,,4.0,,,4.0,5.0,3.0,2.0,11.0,,91.0,,1.0,,1.0,1.0,1.0,7.0,13.0,9.0,61.0,,164.0,serbs,23193.0,27383.0,30503.0,32390.0,31455.0,0.862779901693,0.402330319623,0.976404976405,25.9174917492
32,70351,Bujanovac,normal,461.0,38085.0,18067.0,6966.0,4070.0,2896.0,864.0,2032.0,11101.0,1336.0,2107.0,0.385564841977,,,,,,,,,,,,,,,,,,,,,,,,,,,,27841.0,31258.0,33353.0,35776.0,32877.0,0.58426643698,0.106866220297,,82.6138828633
33,70360,Valjevo,normal,905.0,88527.0,90312.0,42896.0,35500.0,7396.0,4958.0,2438.0,47416.0,7048.0,5504.0,0.474975640004,90312.0,86423.0,6.0,8.0,2.0,3.0,,22.0,105.0,21.0,80.0,22.0,11.0,1413.0,5.0,20.0,2.0,2.0,19.0,7.0,72.0,135.0,100.0,565.0,13.0,1256.0,serbs,28821.0,32010.0,34510.0,36874.0,37905.0,0.827582991421,0.4010076022,0.9569381699,97.8198895028
34,70378,Varvarin,normal,249.0,17349.0,17966.0,6645.0,5820.0,825.0,464.0,361.0,11321.0,1108.0,2246.0,0.369865301124,17966.0,17507.0,2.0,1.0,8.0,,12.0,,7.0,3.0,20.0,1.0,1.0,113.0,6.0,1.0,,,,2.0,13.0,30.0,16.0,77.0,2.0,144.0,serbs,23976.0,26805.0,31330.0,33810.0,34442.0,0.875846501129,0.335466021096,0.97445174218,69.6746987952
35,70386,Velika Plana,normal,345.0,39620.0,40902.0,14577.0,11095.0,3482.0,2101.0,1381.0,26325.0,2843.0,5796.0,0.356388440663,40902.0,38761.0,19.0,1.0,24.0,1.0,7.0,11.0,29.0,17.0,43.0,2.0,5.0,380.0,25.0,6.0,,10.0,5.0,1.0,32.0,62.0,48.0,167.0,7.0,1239.0,serbs,28832.0,32872.0,37215.0,34627.0,36483.0,0.761130548124,0.280035335689,0.947655371375,114.84057971
36,70394,Veliko Gradiste,normal,344.0,16948.0,17610.0,6407.0,5645.0,762.0,508.0,254.0,11203.0,1144.0,1967.0,0.363827370812,17610.0,16291.0,,,2.0,,382.0,,15.0,14.0,20.0,7.0,1.0,258.0,65.0,3.0,1.0,2.0,5.0,1.0,14.0,18.0,29.0,143.0,7.0,332.0,serbs,21454.0,24271.0,27875.0,32196.0,32641.0,0.881067582332,0.33307764928,0.925099375355,49.2674418605
37,70408,Vladimirci,normal,338.0,16782.0,17462.0,7383.0,6526.0,857.0,441.0,416.0,10079.0,949.0,2223.0,0.422803802543,17462.0,16799.0,1.0,,1.0,12.0,,,7.0,4.0,7.0,4.0,1.0,181.0,14.0,2.0,,7.0,1.0,3.0,20.0,11.0,49.0,35.0,5.0,298.0,serbs,22633.0,26599.0,30934.0,30401.0,28819.0,0.883922524719,0.388869026338,0.962031840568,49.650887574
38,70416,Vladicin Han,normal,366.0,20012.0,20871.0,8515.0,4415.0,4100.0,2234.0,1866.0,12356.0,1472.0,2261.0,0.407982367879,20871.0,18644.0,,1.0,88.0,,,,7.0,4.0,23.0,2.0,3.0,1503.0,,10.0,,1.0,3.0,3.0,5.0,5.0,7.0,251.0,1.0,310.0,serbs,16332.0,24563.0,27703.0,29984.0,30123.0,0.518496770405,0.220617629422,0.89329691917,54.6775956284
39,70424,Vlasotince,normal,308.0,28948.0,29893.0,14821.0,11588.0,3233.0,1575.0,1658.0,15072.0,2350.0,2557.0,0.495801692704,29893.0,28613.0,,,4.0,,1.0,,3.0,3.0,23.0,3.0,,691.0,10.0,2.0,,2.0,2.0,1.0,11.0,14.0,15.0,344.0,,151.0,serbs,22061.0,24336.0,27010.0,28687.0,28949.0,0.781863571959,0.400303993367,0.957180610845,93.987012987
40,70432,Vranje,normal,602.0,73200.0,73944.0,31454.0,22822.0,8632.0,4570.0,4062.0,42490.0,6964.0,4757.0,0.425375960186,73944.0,68483.0,12.0,4.0,558.0,1.0,,43.0,16.0,6.0,240.0,17.0,1.0,3279.0,2.0,9.0,1.0,7.0,8.0,2.0,29.0,46.0,41.0,702.0,7.0,430.0,serbs,,,33223.0,33999.0,30960.0,0.72556749539,0.311775956284,0.926146813805,121.594684385
41,70459,Vrnjacka Banja,normal,239.0,26948.0,27527.0,10482.0,7718.0,2764.0,1762.0,1002.0,17045.0,2339.0,2581.0,0.380789770044,27527.0,26482.0,1.0,,16.0,,2.0,,30.0,17.0,33.0,9.0,5.0,334.0,4.0,7.0,1.0,6.0,5.0,5.0,24.0,107.0,37.0,167.0,10.0,225.0,serbs,24681.0,26884.0,31333.0,33711.0,33338.0,0.73630986453,0.286403443669,0.962037272496,112.753138075
42,70467,Gadzin Han,normal,325.0,7767.0,8389.0,2994.0,2160.0,834.0,546.0,288.0,5395.0,315.0,828.0,0.356895935153,8389.0,7972.0,,,3.0,,,,2.0,,3.0,1.0,,260.0,,3.0,1.0,,1.0,1.0,4.0,3.0,,100.0,,35.0,serbs,18894.0,21568.0,29060.0,28744.0,28534.0,0.721442885772,0.278099652375,0.950292049112,23.8984615385
43,70475,Golubac,normal,367.0,7940.0,8331.0,2777.0,2265.0,512.0,331.0,181.0,5554.0,517.0,975.0,0.333333333333,8331.0,7576.0,,4.0,3.0,,424.0,,13.0,5.0,7.0,3.0,,52.0,47.0,1.0,,,2.0,3.0,6.0,9.0,39.0,65.0,1.0,71.0,serbs,23346.0,23853.0,28369.0,29904.0,26956.0,0.815628375945,0.285264483627,0.909374624895,21.6348773842
44,70483,Gornji Milanovac,normal,836.0,43140.0,44406.0,20479.0,17337.0,3142.0,2155.0,987.0,23927.0,3432.0,2688.0,0.461176417601,44406.0,43453.0,6.0,6.0,5.0,,,3.0,31.0,8.0,49.0,14.0,5.0,178.0,4.0,3.0,1.0,3.0,9.0,4.0,34.0,81.0,30.0,255.0,27.0,197.0,serbs,28679.0,31560.0,34352.0,38975.0,38356.0,0.846574539772,0.401877607789,0.97853893618,51.6028708134
45,70491,Despotovac,normal,623.0,22094.0,23191.0,7536.0,6195.0,1341.0,582.0,759.0,15655.0,1466.0,2856.0,0.324953645811,23191.0,21602.0,18.0,8.0,14.0,,687.0,,16.0,6.0,21.0,21.0,4.0,244.0,38.0,5.0,,1.0,7.0,1.0,20.0,21.0,18.0,336.0,3.0,100.0,serbs,31754.0,33398.0,37112.0,39819.0,39979.0,0.822054140127,0.280392866842,0.931482040447,35.4638844302
46,70505,Dimitrovgrad,normal,483.0,9758.0,10118.0,3872.0,2697.0,1175.0,768.0,407.0,6246.0,694.0,627.0,0.382684324965,10118.0,2819.0,1.0,,5413.0,,,3.0,59.0,,38.0,,,68.0,,2.0,,1.0,1.0,,16.0,9.0,131.0,1533.0,3.0,21.0,bulgarians,25019.0,27037.0,27423.0,29822.0,30778.0,0.696539256198,0.276388604222,0.278612373987,20.2028985507
47,70513,Doljevac,normal,121.0,18305.0,18463.0,7178.0,4001.0,3177.0,1500.0,1677.0,11285.0,1042.0,2530.0,0.38877755511,18463.0,17008.0,2.0,,3.0,,,2.0,5.0,,17.0,2.0,2.0,1218.0,4.0,5.0,,,2.0,,8.0,8.0,4.0,101.0,,72.0,serbs,24238.0,24707.0,28754.0,31831.0,31020.0,0.557397603789,0.218574160066,0.921193738829,151.280991736
48,70521,zabari,normal,264.0,10645.0,11380.0,4019.0,3373.0,646.0,441.0,205.0,7361.0,566.0,1219.0,0.35316344464,11380.0,10137.0,1.0,,,,433.0,,1.0,2.0,11.0,2.0,4.0,57.0,76.0,3.0,1.0,1.0,,1.0,11.0,6.0,9.0,211.0,,413.0,serbs,26597.0,30652.0,30552.0,30013.0,28774.0,0.839263498383,0.316862376703,0.890773286467,40.321969697
49,70530,zagubica,normal,760.0,12084.0,12737.0,4339.0,3699.0,640.0,360.0,280.0,8398.0,680.0,1343.0,0.340661066185,12737.0,9024.0,1.0,1.0,18.0,,2811.0,,8.0,3.0,2.0,4.0,4.0,42.0,71.0,1.0,,,1.0,,8.0,5.0,9.0,274.0,2.0,448.0,serbs,27769.0,31806.0,35442.0,37031.0,37463.0,0.85250057617,0.306107249255,0.708487084871,15.9
50,70548,zitoradja,normal,214.0,15792.0,16368.0,4949.0,3230.0,1719.0,608.0,1111.0,11419.0,938.0,2665.0,0.30235826002,16368.0,14735.0,1.0,,4.0,,1.0,,1.0,4.0,11.0,6.0,,1366.0,,3.0,,,1.0,3.0,4.0,5.0,2.0,124.0,,97.0,serbs,24891.0,28171.0,30263.0,34880.0,35272.0,0.652657102445,0.204533941236,0.900232160313,73.7943925234
51,70556,Zajecar,normal,1069.0,57457.0,59461.0,23882.0,17878.0,6004.0,3845.0,2159.0,35579.0,4127.0,4426.0,0.401641412018,59461.0,52292.0,40.0,4.0,181.0,,2856.0,28.0,89.0,14.0,148.0,28.0,6.0,753.0,204.0,7.0,,5.0,23.0,2.0,71.0,98.0,150.0,1400.0,29.0,1033.0,serbs,30239.0,33550.0,37394.0,39442.0,40632.0,0.74859726991,0.311154428529,0.879433578312,53.748362956
52,70564,Ivanjica,normal,1090.0,31033.0,31963.0,14374.0,11064.0,3310.0,2371.0,939.0,17589.0,2648.0,2060.0,0.449707474267,31963.0,31507.0,13.0,,1.0,1.0,,7.0,7.0,4.0,13.0,8.0,,29.0,1.0,6.0,,1.0,1.0,1.0,9.0,24.0,12.0,44.0,1.0,273.0,serbs,23840.0,29369.0,30733.0,32782.0,32344.0,0.769723111173,0.356523700577,0.985733504364,28.4706422018
53,70572,Kladovo,normal,629.0,19834.0,20635.0,7010.0,5934.0,1076.0,690.0,386.0,13625.0,1304.0,2381.0,0.339714078023,20635.0,17673.0,,2.0,6.0,,788.0,6.0,16.0,8.0,42.0,6.0,1.0,36.0,156.0,3.0,,2.0,4.0,6.0,35.0,236.0,37.0,616.0,1.0,955.0,serbs,33397.0,38186.0,42870.0,45395.0,42256.0,0.846504992867,0.299183220732,0.856457475164,31.5325914149
54,70599,Knic,normal,413.0,13675.0,14237.0,5550.0,4588.0,962.0,551.0,411.0,8687.0,896.0,1568.0,0.389829317974,14237.0,14081.0,1.0,,1.0,,,,5.0,4.0,5.0,,1.0,,,,,,2.0,,9.0,22.0,2.0,55.0,1.0,48.0,serbs,25787.0,28029.0,31064.0,32369.0,33283.0,0.826666666667,0.33550274223,0.989042635387,33.1113801453
55,70602,Knjazevac,normal,1202.0,29948.0,31491.0,15425.0,12334.0,3091.0,2241.0,850.0,16066.0,1937.0,1341.0,0.489822488965,31491.0,29631.0,22.0,7.0,33.0,,20.0,,15.0,12.0,42.0,7.0,4.0,789.0,4.0,8.0,,1.0,6.0,6.0,23.0,20.0,23.0,626.0,5.0,187.0,serbs,21045.0,24028.0,27878.0,30313.0,31864.0,0.79961102107,0.411847201816,0.940935505382,24.9151414309
56,70629,Kosjeric,normal,358.0,11542.0,12090.0,4349.0,3693.0,656.0,394.0,262.0,7741.0,840.0,1527.0,0.359718775848,12090.0,11879.0,1.0,,1.0,,,,4.0,,4.0,2.0,,1.0,,1.0,,1.0,1.0,2.0,8.0,23.0,7.0,98.0,2.0,55.0,serbs,43103.0,46435.0,46382.0,51662.0,47388.0,0.849160726604,0.319961878357,0.982547559967,32.2402234637
57,70637,Koceljeva,normal,257.0,12497.0,13129.0,5865.0,5246.0,619.0,392.0,227.0,7264.0,731.0,1551.0,0.446720999314,13129.0,12107.0,2.0,6.0,1.0,,,5.0,5.0,3.0,3.0,2.0,,850.0,4.0,7.0,,2.0,2.0,2.0,5.0,8.0,7.0,61.0,,47.0,serbs,27312.0,29943.0,32516.0,38391.0,39710.0,0.894458653026,0.419780747379,0.922157056897,48.626459144
58,70645,Kragujevac - grad,city,835.0,178847.0,179417.0,78273.0,56126.0,22147.0,13170.0,8977.0,101144.0,15099.0,11797.0,0.436263007407,179417.0,172052.0,27.0,37.0,41.0,4.0,7.0,101.0,175.0,37.0,297.0,97.0,4.0,1482.0,17.0,40.0,6.0,16.0,34.0,18.0,192.0,645.0,231.0,2033.0,211.0,1613.0,serbs,31570.0,36918.0,39282.0,43011.0,41744.0,0.717054412122,0.313821310953,0.958950378169,214.188023952
59,70653,Kraljevo,normal,1530.0,122782.0,125488.0,49310.0,38262.0,11048.0,6669.0,4379.0,76178.0,10210.0,11876.0,0.392945939054,125488.0,120267.0,23.0,4.0,33.0,1.0,3.0,21.0,106.0,30.0,224.0,44.0,11.0,1266.0,17.0,40.0,,15.0,29.0,16.0,162.0,528.0,90.0,850.0,26.0,1682.0,serbs,29095.0,32309.0,35376.0,37400.0,36500.0,0.775948083553,0.311625482563,0.958394428152,80.2496732026
60,70661,Krupanj,normal,342.0,16459.0,17295.0,6994.0,5653.0,1341.0,791.0,550.0,10301.0,1110.0,2186.0,0.404394333622,17295.0,16629.0,,50.0,1.0,,,,5.0,3.0,1.0,167.0,,133.0,1.0,7.0,1.0,1.0,2.0,1.0,7.0,7.0,3.0,144.0,1.0,131.0,serbs,23882.0,25065.0,28775.0,29627.0,30749.0,0.80826422648,0.343459505438,0.961491760624,48.1257309942
61,70670,Krusevac,normal,854.0,125853.0,128752.0,51299.0,35880.0,15419.0,9352.0,6067.0,77453.0,10235.0,11580.0,0.398432645706,128752.0,122529.0,32.0,2.0,40.0,1.0,101.0,19.0,86.0,17.0,200.0,18.0,9.0,2461.0,38.0,35.0,,4.0,19.0,4.0,107.0,282.0,97.0,925.0,7.0,1719.0,serbs,29256.0,31393.0,33699.0,36149.0,36644.0,0.699428838769,0.285094515029,0.951666770225,147.368852459
62,70688,Kursumlija,normal,952.0,18488.0,19213.0,6440.0,4637.0,1803.0,1000.0,803.0,12773.0,1630.0,1887.0,0.335189715297,19213.0,18528.0,5.0,1.0,1.0,,,8.0,5.0,2.0,6.0,,,339.0,1.0,5.0,1.0,,3.0,,8.0,47.0,7.0,163.0,2.0,81.0,serbs,16503.0,23954.0,24282.0,28075.0,30044.0,0.720031055901,0.250811337084,0.96434705668,19.4201680672
63,70696,Kucevo,normal,721.0,14515.0,15516.0,4415.0,3447.0,968.0,592.0,376.0,11101.0,800.0,2174.0,0.284544985821,15516.0,10307.0,1.0,,1.0,1.0,3927.0,,26.0,7.0,13.0,5.0,1.0,39.0,105.0,,,,1.0,2.0,8.0,9.0,14.0,481.0,2.0,566.0,serbs,26119.0,28016.0,31081.0,32101.0,32947.0,0.780747451869,0.237478470548,0.664282031451,20.1317614424
64,70700, Lajkovac,normal,186.0,15150.0,15475.0,7240.0,6647.0,593.0,271.0,322.0,8235.0,1066.0,1610.0,0.467851373183,15475.0,14381.0,,1.0,,,,,16.0,,13.0,2.0,2.0,775.0,3.0,2.0,,1.0,2.0,,11.0,22.0,5.0,133.0,,106.0,serbs,45345.0,53613.0,60259.0,62313.0,62683.0,0.918093922652,0.438745874587,0.929305331179,81.4516129032
65,70718,Lebane,normal,337.0,20961.0,22000.0,9318.0,6326.0,2992.0,1543.0,1449.0,12682.0,1635.0,2028.0,0.423545454545,22000.0,20398.0,1.0,,2.0,,1.0,7.0,4.0,3.0,16.0,2.0,,1251.0,1.0,5.0,1.0,,1.0,,8.0,20.0,3.0,127.0,,149.0,serbs,25061.0,26988.0,29371.0,30446.0,31571.0,0.678901051728,0.301798578312,0.927181818182,62.1988130564
66,70726,Leskovac,normal,1025.0,140487.0,144206.0,59476.0,38260.0,21216.0,11955.0,9261.0,84730.0,11205.0,13522.0,0.412437762645,144206.0,133623.0,20.0,5.0,91.0,,2.0,4.0,88.0,15.0,291.0,19.0,19.0,7700.0,4.0,13.0,2.0,9.0,19.0,8.0,55.0,192.0,96.0,965.0,16.0,950.0,serbs,26733.0,29022.0,31980.0,33998.0,33955.0,0.64328468626,0.272338365827,0.926611930155,137.060487805
67,70734,Loznica,normal,612.0,77543.0,79327.0,30095.0,20096.0,9999.0,6448.0,3551.0,49232.0,5894.0,9630.0,0.379379026057,79327.0,74686.0,5.0,120.0,6.0,2.0,2.0,,74.0,26.0,34.0,540.0,9.0,761.0,6.0,26.0,3.0,15.0,7.0,12.0,77.0,58.0,51.0,791.0,9.0,2007.0,serbs,25215.0,28879.0,31505.0,32216.0,33207.0,0.667752118292,0.25915943412,0.941495329459,126.704248366
68,70742,Lucani,normal,454.0,20012.0,20897.0,8102.0,6797.0,1305.0,783.0,522.0,12795.0,1663.0,1955.0,0.387711154711,20897.0,20457.0,3.0,2.0,,,1.0,,14.0,4.0,9.0,4.0,1.0,112.0,1.0,4.0,1.0,3.0,,1.0,10.0,27.0,4.0,69.0,4.0,166.0,serbs,29651.0,35036.0,38828.0,41472.0,41309.0,0.83892865959,0.339646212273,0.978944346078,44.0792951542
69,70769,Ljig,normal,279.0,12073.0,12754.0,6389.0,5902.0,487.0,279.0,208.0,6365.0,864.0,720.0,0.500940881292,12754.0,12145.0,2.0,,3.0,1.0,,,11.0,3.0,8.0,4.0,,160.0,3.0,2.0,,1.0,4.0,,7.0,17.0,4.0,133.0,2.0,244.0,serbs,24959.0,24093.0,26473.0,26929.0,28631.0,0.923775238692,0.488859438416,0.952250274424,43.2724014337
70,70777,Ljubovija,normal,356.0,13753.0,14469.0,6805.0,5948.0,857.0,445.0,412.0,7664.0,1015.0,1466.0,0.470315847674,14469.0,14108.0,,,,,17.0,,5.0,2.0,10.0,1.0,1.0,171.0,5.0,4.0,,,,,6.0,8.0,4.0,81.0,1.0,45.0,serbs,28535.0,31292.0,35088.0,41738.0,37949.0,0.874063188832,0.432487457282,0.975050107126,38.6320224719
71,70785,Majdanpek,normal,932.0,17775.0,18686.0,6913.0,5184.0,1729.0,1109.0,620.0,11773.0,1444.0,2190.0,0.369956116879,18686.0,14670.0,6.0,2.0,22.0,2.0,2442.0,16.0,51.0,6.0,56.0,16.0,3.0,9.0,68.0,5.0,2.0,3.0,7.0,1.0,33.0,70.0,41.0,946.0,2.0,207.0,serbs,32104.0,38566.0,43411.0,46038.0,46835.0,0.749891508752,0.29164556962,0.785079738842,19.071888412
72,70793,Mali Zvornik,normal,184.0,12005.0,12482.0,4384.0,3385.0,999.0,599.0,400.0,8098.0,1144.0,2118.0,0.351225765102,12482.0,11677.0,1.0,72.0,1.0,,,,15.0,3.0,4.0,376.0,1.0,25.0,3.0,8.0,,,2.0,1.0,14.0,16.0,14.0,79.0,1.0,169.0,serbs,27100.0,30052.0,31939.0,34877.0,35982.0,0.772125912409,0.281965847564,0.935507130268,65.2445652174
73,70807,Malo Crnice,normal,269.0,10860.0,11458.0,4174.0,3568.0,606.0,399.0,207.0,7284.0,542.0,1542.0,0.364286961075,11458.0,10104.0,2.0,1.0,1.0,1.0,475.0,,4.0,5.0,14.0,5.0,1.0,194.0,56.0,,1.0,2.0,,1.0,7.0,,8.0,187.0,2.0,387.0,serbs,21828.0,23745.0,26496.0,27314.0,27599.0,0.854815524677,0.328545119705,0.881829289579,40.3717472119
74,70815,Medvedja,normal,524.0,7111.0,7438.0,3297.0,2754.0,543.0,267.0,276.0,4141.0,541.0,746.0,0.443264318365,7438.0,6429.0,527.0,1.0,4.0,,,13.0,,1.0,13.0,4.0,1.0,145.0,,1.0,,1.0,,,1.0,143.0,6.0,86.0,,62.0,serbs,29511.0,34440.0,36186.0,39235.0,39343.0,0.835304822566,0.387287301364,0.864345254101,13.570610687
75,70823,Merosina,normal,193.0,13594.0,13968.0,4864.0,3553.0,1311.0,578.0,733.0,9104.0,811.0,1817.0,0.348224513173,13968.0,13094.0,1.0,,5.0,,2.0,,3.0,1.0,10.0,3.0,,736.0,2.0,2.0,,,6.0,,7.0,3.0,3.0,59.0,,31.0,serbs,25288.0,24796.0,25099.0,35123.0,34050.0,0.73046875,0.261365308224,0.937428407789,70.4352331606
76,70831, Mionica,normal,329.0,13821.0,14335.0,6793.0,6339.0,454.0,270.0,184.0,7542.0,867.0,1437.0,0.473875130799,14335.0,13758.0,1.0,,,,,,6.0,2.0,7.0,11.0,,351.0,1.0,1.0,1.0,2.0,3.0,,6.0,14.0,5.0,79.0,,87.0,serbs,25978.0,27292.0,29262.0,31280.0,33126.0,0.933166494921,0.458649880616,0.959748866411,42.009118541
77,70840,Negotin,normal,1090.0,35103.0,37056.0,14126.0,12026.0,2100.0,1439.0,661.0,22930.0,2305.0,3082.0,0.381206822107,37056.0,29461.0,33.0,2.0,61.0,,3382.0,,29.0,9.0,73.0,21.0,6.0,441.0,274.0,10.0,2.0,6.0,6.0,6.0,32.0,50.0,63.0,878.0,9.0,2202.0,serbs,29674.0,32548.0,35172.0,39121.0,39443.0,0.851337958375,0.342591801271,0.795039939551,32.204587156
78,70866,Nova Varos,normal,581.0,15732.0,16638.0,7112.0,4934.0,2178.0,1433.0,745.0,9526.0,1519.0,1187.0,0.427455222984,16638.0,14899.0,3.0,788.0,1.0,,,3.0,37.0,2.0,3.0,526.0,,3.0,1.0,4.0,,2.0,2.0,1.0,5.0,31.0,10.0,149.0,1.0,167.0,serbs,26634.0,28912.0,32509.0,35425.0,35304.0,0.693757030371,0.313628273583,0.895480225989,27.0774526678
79,70874,Novi Pazar,normal,742.0,103087.0,100410.0,31053.0,19605.0,11448.0,4216.0,7232.0,69357.0,9493.0,14113.0,0.309262025695,100410.0,16234.0,202.0,77443.0,5.0,1.0,,246.0,67.0,6.0,7.0,4102.0,2.0,566.0,,13.0,,,4.0,4.0,20.0,44.0,312.0,216.0,70.0,846.0,bosnians,25577.0,29677.0,32898.0,34652.0,34392.0,0.631339967153,0.190179169051,0.161677123792,138.931266846
80,70882,Osecina,normal,319.0,11933.0,12536.0,6462.0,6058.0,404.0,238.0,166.0,6074.0,754.0,978.0,0.515475430759,12536.0,12093.0,1.0,,,,,,6.0,1.0,7.0,4.0,,228.0,2.0,,,,,1.0,6.0,2.0,2.0,22.0,,161.0,serbs,24377.0,27363.0,30579.0,33051.0,33211.0,0.937480656144,0.50766781195,0.964661774091,37.407523511
81,70904,Paracin,normal,542.0,52860.0,54242.0,20496.0,14823.0,5673.0,3312.0,2361.0,33746.0,3854.0,5297.0,0.377862173224,54242.0,51891.0,18.0,4.0,20.0,,53.0,30.0,40.0,9.0,71.0,17.0,12.0,853.0,81.0,20.0,,4.0,8.0,8.0,48.0,82.0,55.0,566.0,13.0,339.0,serbs,29393.0,30648.0,33806.0,38145.0,37930.0,0.723214285714,0.280419977299,0.956657202905,97.5276752768
82,70912,Petrovac,normal,655.0,29897.0,31259.0,11485.0,10112.0,1373.0,885.0,488.0,19774.0,1808.0,3318.0,0.367414184715,31259.0,25015.0,3.0,4.0,4.0,2.0,4609.0,,22.0,16.0,47.0,9.0,2.0,119.0,217.0,8.0,2.0,4.0,6.0,1.0,26.0,35.0,38.0,779.0,7.0,284.0,serbs,25563.0,27353.0,29870.0,31168.0,31957.0,0.880452764475,0.338227915844,0.800249528136,45.6442748092
83,70939,Pirot,normal,1232.0,56396.0,57928.0,24342.0,17338.0,7004.0,4203.0,2801.0,33586.0,4571.0,4054.0,0.420211296782,57928.0,53232.0,19.0,,549.0,1.0,1.0,80.0,47.0,10.0,67.0,9.0,5.0,2576.0,1.0,9.0,3.0,3.0,3.0,4.0,42.0,23.0,25.0,971.0,6.0,242.0,serbs,29720.0,34662.0,38043.0,36429.0,40975.0,0.712266863857,0.307433151287,0.918933848916,45.775974026
84,70947,Pozarevac,normal,374.0,60850.0,61697.0,24767.0,19668.0,5099.0,3427.0,1672.0,36930.0,4754.0,5437.0,0.401429567078,61697.0,56959.0,7.0,10.0,32.0,,161.0,,62.0,35.0,123.0,34.0,8.0,1209.0,77.0,9.0,1.0,7.0,19.0,6.0,74.0,138.0,52.0,1094.0,8.0,1572.0,serbs,,33884.0,36831.0,39710.0,40229.0,0.794121209674,0.323221035333,0.923205342237,162.700534759
85,70955,Pozega,normal,426.0,28757.0,29638.0,13599.0,11453.0,2146.0,1371.0,775.0,16039.0,2439.0,1896.0,0.458836628652,29638.0,28956.0,4.0,3.0,1.0,3.0,,,18.0,3.0,20.0,5.0,2.0,220.0,1.0,5.0,,3.0,3.0,,20.0,39.0,11.0,112.0,,209.0,serbs,26407.0,29713.0,32716.0,34422.0,33974.0,0.842194278991,0.398268247731,0.976989000607,67.5046948357
86,70963,Presevo,normal,264.0,29744.0,3080.0,1159.0,656.0,503.0,209.0,294.0,1921.0,257.0,361.0,0.376298701299,,,,,,,,,,,,,,,,,,,,,,,,,,,,29007.0,32074.0,39793.0,40115.0,37270.0,0.566005176877,0.0220548682087,,112.666666667
87,70971,Priboj,normal,553.0,25979.0,27133.0,10602.0,7483.0,3119.0,1462.0,1657.0,16531.0,2540.0,3033.0,0.390741901006,27133.0,20582.0,3.0,3811.0,1.0,,5.0,3.0,36.0,11.0,9.0,1944.0,,32.0,1.0,5.0,,,3.0,2.0,21.0,119.0,26.0,256.0,10.0,253.0,serbs,24990.0,29446.0,31878.0,26051.0,28092.0,0.705810224486,0.288040340275,0.758559687465,46.9783001808
88,70980,Prijepolje,normal,827.0,36143.0,37059.0,16142.0,11676.0,4466.0,2291.0,2175.0,20917.0,3254.0,3285.0,0.435575703608,37059.0,19496.0,18.0,12792.0,4.0,,,12.0,47.0,1.0,3.0,3543.0,,244.0,,7.0,1.0,4.0,,2.0,12.0,89.0,17.0,535.0,14.0,218.0,serbs,24557.0,27512.0,30643.0,32047.0,32284.0,0.723330442324,0.323050106521,0.52608003454,43.7037484885
89,70998,Prokuplje,normal,759.0,43021.0,44419.0,16527.0,11291.0,5236.0,3138.0,2098.0,27892.0,3674.0,3879.0,0.372070510367,44419.0,40936.0,12.0,7.0,8.0,1.0,1.0,23.0,11.0,8.0,74.0,7.0,3.0,2154.0,75.0,7.0,,4.0,11.0,1.0,35.0,113.0,42.0,277.0,2.0,607.0,serbs,25990.0,27592.0,31181.0,33934.0,34221.0,0.683185091063,0.26245322052,0.921587608906,56.6811594203
90,71005,Razanj,normal,289.0,8614.0,9150.0,3654.0,3377.0,277.0,135.0,142.0,5496.0,453.0,924.0,0.399344262295,9150.0,8815.0,,,2.0,,,,,1.0,11.0,,,195.0,,,,,,,3.0,2.0,7.0,103.0,1.0,10.0,serbs,25721.0,27113.0,29645.0,30881.0,31687.0,0.924192665572,0.392036220107,0.963387978142,29.8062283737
91,71013,Raca,normal,216.0,11045.0,11503.0,4714.0,4015.0,699.0,458.0,241.0,6789.0,761.0,1265.0,0.409806137529,11503.0,11329.0,,,3.0,,,1.0,9.0,,7.0,8.0,,15.0,,2.0,,,4.0,,9.0,7.0,16.0,49.0,6.0,38.0,serbs,21486.0,26133.0,30662.0,32034.0,30288.0,0.851718285957,0.363512901766,0.984873511258,51.1342592593
92,71021,Raska,normal,670.0,23904.0,24678.0,10345.0,7526.0,2819.0,1745.0,1074.0,14333.0,2240.0,2066.0,0.419199286814,24678.0,24135.0,12.0,,4.0,,,12.0,7.0,6.0,21.0,8.0,,202.0,2.0,4.0,,,5.0,1.0,9.0,45.0,6.0,81.0,3.0,115.0,serbs,26538.0,30908.0,34851.0,36761.0,36502.0,0.727501208313,0.31484270415,0.977996596159,35.6776119403
93,71030,Rekovac,normal,366.0,10285.0,11055.0,3717.0,3057.0,660.0,404.0,256.0,7338.0,612.0,1171.0,0.336227951153,11055.0,10712.0,5.0,,3.0,,,,2.0,1.0,8.0,,,41.0,1.0,,1.0,2.0,2.0,,7.0,12.0,7.0,47.0,4.0,200.0,serbs,21926.0,24613.0,31187.0,32095.0,30255.0,0.822437449556,0.297228974234,0.968973315242,28.1010928962
94,71048,Jagodina,normal,470.0,71231.0,71852.0,30095.0,22168.0,7927.0,4764.0,3163.0,41757.0,5472.0,6156.0,0.418847074542,71852.0,68898.0,40.0,5.0,28.0,2.0,136.0,20.0,67.0,25.0,78.0,21.0,3.0,764.0,41.0,11.0,3.0,11.0,17.0,8.0,57.0,109.0,70.0,633.0,12.0,793.0,serbs,27634.0,31244.0,34384.0,35900.0,35323.0,0.736600764247,0.311212814645,0.958887713634,151.555319149
95,71056,Svilajnac,normal,326.0,22595.0,23551.0,8139.0,6636.0,1503.0,992.0,511.0,15412.0,1617.0,2764.0,0.345590420789,23551.0,22048.0,2.0,,5.0,,280.0,3.0,25.0,1.0,22.0,1.0,1.0,324.0,65.0,7.0,1.0,1.0,5.0,,20.0,19.0,29.0,248.0,5.0,439.0,serbs,28709.0,33894.0,37141.0,38702.0,38059.0,0.815333579064,0.293693294977,0.936181053883,69.3098159509
96,71064,Svrljig,normal,497.0,13507.0,14249.0,4830.0,3161.0,1669.0,1027.0,642.0,9419.0,641.0,1388.0,0.338971155871,14249.0,13843.0,,,6.0,,1.0,,3.0,9.0,8.0,2.0,,157.0,1.0,1.0,,,,2.0,6.0,4.0,5.0,116.0,1.0,84.0,serbs,22125.0,25288.0,27432.0,29988.0,30574.0,0.654451345756,0.234026800918,0.971506772405,27.1770623742
97,71072,Sjenica,normal,1059.0,26141.0,26392.0,8479.0,6127.0,2352.0,739.0,1613.0,17913.0,2223.0,3541.0,0.321271597454,26392.0,5264.0,29.0,19498.0,,,,12.0,10.0,,3.0,1234.0,,93.0,,,,,1.0,1.0,6.0,15.0,40.0,57.0,6.0,123.0,bosnians,28359.0,31151.0,33865.0,36523.0,37201.0,0.722608798207,0.234382770361,0.199454380115,24.6846081209
98,71099,Smederevo,normal,484.0,106470.0,108209.0,41506.0,30794.0,10712.0,6456.0,4256.0,66703.0,8216.0,12847.0,0.383572530936,108209.0,101908.0,51.0,7.0,27.0,2.0,6.0,11.0,110.0,120.0,291.0,61.0,15.0,2369.0,67.0,37.0,3.0,13.0,20.0,13.0,161.0,271.0,139.0,1080.0,35.0,1392.0,serbs,37524.0,40458.0,41499.0,40376.0,41569.0,0.741916831301,0.289227012304,0.941770093061,219.979338843
99,71102,Smederevska Palanka,normal,421.0,48611.0,50284.0,19033.0,15197.0,3836.0,2412.0,1424.0,31251.0,3672.0,5468.0,0.378510062843,50284.0,47972.0,16.0,3.0,13.0,,4.0,13.0,43.0,22.0,115.0,17.0,1.0,563.0,5.0,11.0,,9.0,9.0,6.0,63.0,81.0,35.0,614.0,22.0,647.0,serbs,28216.0,29118.0,31509.0,32048.0,31816.0,0.798455314454,0.312624714571,0.954021159812,115.465558195
100,71129,Sokobanja,normal,525.0,15265.0,16021.0,6483.0,5440.0,1043.0,684.0,359.0,9538.0,1078.0,1278.0,0.40465638849,16021.0,14936.0,10.0,1.0,1.0,,22.0,8.0,12.0,15.0,25.0,4.0,,213.0,7.0,2.0,2.0,3.0,7.0,1.0,16.0,19.0,13.0,409.0,2.0,293.0,serbs,30387.0,33690.0,37030.0,38807.0,39187.0,0.839117692426,0.356370782837,0.932276387242,29.0761904762
101,71137,Surdulica,normal,628.0,19624.0,20319.0,7855.0,4645.0,3210.0,1489.0,1721.0,12464.0,1500.0,2528.0,0.386583985432,20319.0,16233.0,6.0,,734.0,,5.0,4.0,7.0,2.0,31.0,6.0,,2631.0,,6.0,,3.0,6.0,1.0,11.0,10.0,6.0,393.0,3.0,221.0,serbs,26835.0,34297.0,36232.0,39916.0,38887.0,0.591343093571,0.236699959234,0.798907426547,31.2484076433
102,71145,Uzice,normal,667.0,76364.0,78040.0,34555.0,28011.0,6544.0,4671.0,1873.0,43485.0,7300.0,4977.0,0.442785750897,78040.0,76089.0,10.0,8.0,3.0,2.0,,3.0,80.0,22.0,47.0,37.0,3.0,70.0,4.0,33.0,,5.0,12.0,2.0,69.0,144.0,37.0,755.0,12.0,593.0,serbs,,,,,,0.81062074953,0.366808967576,0.975,114.488755622
103,71153,Topola,normal,357.0,21506.0,22329.0,9964.0,8580.0,1384.0,829.0,555.0,12365.0,1465.0,1927.0,0.446235836804,22329.0,21602.0,3.0,1.0,3.0,1.0,,,19.0,6.0,18.0,1.0,,105.0,3.0,2.0,,3.0,,2.0,19.0,42.0,11.0,243.0,22.0,223.0,serbs,22098.0,29256.0,29746.0,31682.0,32036.0,0.861099959855,0.398958430206,0.967441443862,60.2408963585
104,71161,Trgoviste,normal,370.0,4806.0,5091.0,3136.0,2777.0,359.0,190.0,169.0,1955.0,447.0,133.0,0.615989000196,5091.0,4977.0,,,14.0,,,,1.0,,27.0,,,29.0,,,,1.0,,,1.0,,,18.0,,23.0,serbs,24200.0,24071.0,28380.0,29334.0,27577.0,0.885522959184,0.577819392426,0.977607542722,12.9891891892
105,71170,Trstenik,normal,448.0,41381.0,42966.0,17991.0,14224.0,3767.0,2177.0,1590.0,24975.0,3423.0,3876.0,0.418726434855,42966.0,41829.0,2.0,,15.0,,9.0,29.0,17.0,8.0,48.0,15.0,4.0,342.0,13.0,8.0,1.0,4.0,3.0,,35.0,84.0,21.0,226.0,6.0,247.0,serbs,24092.0,29160.0,31782.0,33925.0,33837.0,0.790617530988,0.343732630918,0.973537215473,92.3683035714
106,71188,Tutin,normal,742.0,31282.0,31155.0,9838.0,6165.0,3673.0,1002.0,2671.0,21317.0,2457.0,5077.0,0.315775958915,31155.0,1090.0,29.0,28041.0,3.0,,,55.0,4.0,1.0,4.0,1092.0,1.0,67.0,,3.0,,,,,,16.0,8.0,31.0,6.0,704.0,bosnians,26327.0,30655.0,35818.0,37610.0,37520.0,0.626651758487,0.197078191931,0.0349863585299,42.1590296496
107,71196,cicevac,normal,124.0,9121.0,9476.0,3666.0,2871.0,795.0,499.0,296.0,5810.0,663.0,1151.0,0.386872097932,9476.0,9073.0,4.0,,2.0,,,,7.0,2.0,21.0,4.0,,174.0,1.0,3.0,,2.0,1.0,,5.0,12.0,1.0,38.0,3.0,123.0,serbs,22113.0,25146.0,28073.0,29417.0,29086.0,0.783142389525,0.314768117531,0.957471506965,73.5564516129
108,71200,cuprija,normal,287.0,29618.0,30645.0,11458.0,7945.0,3513.0,2253.0,1260.0,19187.0,2316.0,2573.0,0.373894599445,30645.0,28268.0,2.0,7.0,13.0,,782.0,8.0,28.0,3.0,59.0,9.0,1.0,412.0,24.0,3.0,1.0,1.0,14.0,2.0,42.0,30.0,33.0,405.0,8.0,490.0,serbs,27538.0,30488.0,33349.0,34700.0,34327.0,0.693401989876,0.268249037747,0.922434328602,103.198606272
109,71218,Ub,normal,456.0,28358.0,29101.0,13911.0,12453.0,1458.0,804.0,654.0,15190.0,1802.0,3076.0,0.478024810144,29101.0,27525.0,2.0,,2.0,1.0,,1.0,17.0,5.0,18.0,2.0,3.0,1118.0,64.0,5.0,1.0,6.0,2.0,5.0,18.0,25.0,17.0,155.0,1.0,108.0,serbs,25893.0,28612.0,32540.0,33104.0,33644.0,0.895190856157,0.439135340997,0.945843785437,62.1885964912
110,71226,Crna Trava,normal,312.0,1470.0,1663.0,691.0,640.0,51.0,30.0,21.0,972.0,92.0,177.0,0.415514131088,1663.0,1641.0,,,5.0,,,3.0,,,1.0,,,,,2.0,,1.0,,,1.0,,1.0,3.0,,5.0,serbs,22136.0,23457.0,27025.0,31839.0,31456.0,0.926193921852,0.43537414966,0.986770895971,4.71153846154
111,71234,cajetina,normal,647.0,14413.0,14745.0,6282.0,5433.0,849.0,610.0,239.0,8463.0,1093.0,1225.0,0.426042726348,14745.0,14440.0,,2.0,,2.0,,6.0,5.0,6.0,7.0,3.0,,1.0,,1.0,,1.0,1.0,1.0,13.0,36.0,8.0,65.0,,147.0,serbs,25332.0,27739.0,31893.0,33149.0,33045.0,0.864851957975,0.376951363353,0.979315022041,22.2766615147
112,71242,cacak,normal,636.0,113383.0,115337.0,49171.0,39367.0,9804.0,6270.0,3534.0,66166.0,9667.0,8647.0,0.426324596617,115337.0,110886.0,10.0,15.0,18.0,2.0,2.0,17.0,117.0,23.0,112.0,26.0,10.0,530.0,9.0,34.0,2.0,2.0,18.0,9.0,105.0,328.0,56.0,1125.0,24.0,1857.0,serbs,29523.0,32979.0,35613.0,37989.0,38833.0,0.800614183157,0.347203725426,0.961408741341,178.275157233
113,71269,sabac,normal,797.0,113827.0,115884.0,48591.0,38260.0,10331.0,6800.0,3531.0,67293.0,8362.0,12544.0,0.419307238273,115884.0,110642.0,7.0,23.0,9.0,1.0,4.0,49.0,123.0,60.0,80.0,393.0,11.0,1902.0,48.0,35.0,6.0,15.0,18.0,20.0,165.0,70.0,161.0,1256.0,28.0,758.0,serbs,32422.0,36635.0,37772.0,40444.0,41230.0,0.78738861106,0.336124118179,0.954765109938,142.819322459
114,71277,Lapovo,normal,55.0,7550.0,7837.0,2859.0,2040.0,819.0,443.0,376.0,4978.0,555.0,959.0,0.36480796223,7837.0,7613.0,5.0,2.0,6.0,,,,,1.0,7.0,,,56.0,1.0,,,1.0,,,8.0,7.0,6.0,39.0,1.0,84.0,serbs,27055.0,30018.0,33728.0,35938.0,37909.0,0.713536201469,0.270198675497,0.971417634299,137.272727273
115,71285,Nis-Niska Banja ,city-district,146.0,14482.0,14680.0,6387.0,4002.0,2385.0,1568.0,817.0,8293.0,1035.0,1134.0,0.435081743869,14680.0,13731.0,1.0,1.0,23.0,,,,6.0,7.0,16.0,4.0,2.0,562.0,2.0,1.0,,1.0,4.0,,10.0,7.0,18.0,168.0,2.0,114.0,serbs,28002.0,28208.0,29308.0,27943.0,31482.0,0.626585251292,0.276343046541,0.935354223433,99.1917808219
116,71293,Beograd-Surcin,city-district,288.0,45100.0,43819.0,18701.0,15253.0,3448.0,2452.0,996.0,25118.0,3172.0,3871.0,0.426778338164,43819.0,37866.0,12.0,8.0,11.0,1.0,,16.0,93.0,34.0,95.0,102.0,13.0,1415.0,3.0,14.0,2.0,1254.0,14.0,12.0,373.0,89.0,182.0,1066.0,56.0,1088.0,serbs,45655.0,53813.0,57349.0,65718.0,68480.0,0.815624832897,0.338203991131,0.864145690226,156.597222222
117,71307,Nis-Pantelej,city-district,141.0,53387.0,53486.0,23835.0,16179.0,7656.0,5111.0,2545.0,29651.0,4994.0,3291.0,0.445630632315,53486.0,50696.0,10.0,2.0,331.0,,1.0,17.0,69.0,11.0,133.0,10.0,6.0,556.0,3.0,13.0,,9.0,19.0,3.0,62.0,129.0,48.0,788.0,10.0,560.0,serbs,19947.0,23262.0,27958.0,31677.0,32874.0,0.678791692889,0.303051304625,0.947836817111,378.631205674
118,71315,Nis-Crveni Krst,city-district,182.0,31759.0,32301.0,13094.0,7963.0,5131.0,3133.0,1998.0,19207.0,2354.0,3015.0,0.405374446612,32301.0,28751.0,23.0,6.0,54.0,,4.0,117.0,53.0,3.0,77.0,12.0,2.0,2464.0,11.0,6.0,,4.0,10.0,1.0,44.0,43.0,47.0,247.0,6.0,316.0,serbs,33079.0,38626.0,39390.0,43519.0,45337.0,0.608141133344,0.250732075947,0.890096281849,174.5
119,71323,Nis-Palilula,city-district,117.0,73317.0,73801.0,32589.0,21661.0,10928.0,6745.0,4183.0,41212.0,6681.0,4506.0,0.441579382393,73801.0,68612.0,48.0,20.0,193.0,,2.0,11.0,89.0,19.0,191.0,12.0,6.0,2745.0,6.0,16.0,1.0,8.0,20.0,1.0,112.0,146.0,144.0,723.0,15.0,661.0,serbs,20125.0,24390.0,27133.0,28366.0,29895.0,0.664672128632,0.295443075958,0.929689299603,626.641025641
120,71331,Nis-Mediana,city-district,10.0,85555.0,85969.0,38954.0,28726.0,10228.0,6879.0,3349.0,47015.0,8818.0,3323.0,0.45311682118,85969.0,81591.0,15.0,15.0,326.0,10.0,8.0,57.0,199.0,28.0,406.0,20.0,12.0,669.0,4.0,26.0,3.0,16.0,51.0,15.0,170.0,334.0,163.0,1092.0,28.0,711.0,serbs,30878.0,35012.0,37617.0,40441.0,41047.0,0.737433896391,0.335760621822,0.94907466645,8555.5
121,71340,Kostolac,normal,103.0,13478.0,13637.0,5142.0,4058.0,1084.0,505.0,579.0,8495.0,860.0,1611.0,0.377062403754,13637.0,9842.0,1.0,,3.0,1.0,16.0,,9.0,21.0,45.0,8.0,10.0,2659.0,14.0,2.0,2.0,3.0,19.0,,35.0,22.0,38.0,173.0,2.0,712.0,serbs,,56013.0,58745.0,61947.0,66676.0,0.789187086737,0.301083246773,0.721712986727,130.854368932
122,71358,Vranjska Banja,normal,258.0,9225.0,9580.0,3125.0,2093.0,1032.0,513.0,519.0,6455.0,634.0,1285.0,0.326200417537,9580.0,8086.0,1.0,,31.0,,,,6.0,,15.0,,,1375.0,,1.0,,,,,4.0,2.0,1.0,34.0,,24.0,serbs,,,25503.0,27391.0,27105.0,0.66976,0.226883468835,0.844050104384,35.7558139535
123,79014,Grad Beograd,city,3234.0,1675043.0,1659440.0,722108.0,593021.0,129087.0,91036.0,38051.0,937332.0,141959.0,86568.0,0.435151617413,1659440.0,1505448.0,1252.0,1596.0,1188.0,172.0,182.0,5328.0,8061.0,1810.0,6970.0,3996.0,498.0,27325.0,1282.0,1301.0,245.0,2104.0,1539.0,418.0,7752.0,9902.0,7083.0,38971.0,1289.0,23728.0,serbs,42489.0,46986.0,51121.0,54103.0,55429.0,0.821235881613,0.354033299444,0.907202429735,517.947742733
124,79022,Grad Nis,city,596.0,258500.0,260237.0,114859.0,78531.0,36328.0,23436.0,12892.0,145378.0,23882.0,15269.0,0.441363065206,260237.0,243381.0,97.0,44.0,927.0,10.0,15.0,202.0,416.0,68.0,823.0,58.0,28.0,6996.0,26.0,62.0,4.0,38.0,104.0,20.0,398.0,659.0,420.0,3018.0,61.0,2362.0,serbs,29132.0,33275.0,35765.0,38460.0,39492.0,0.683716556822,0.303794970986,0.93522827269,433.724832215
125,79049,Grad Pozarevac,city,477.0,74328.0,75334.0,29909.0,23726.0,6183.0,3932.0,2251.0,45425.0,5614.0,7048.0,0.397018610455,75334.0,66801.0,8.0,10.0,35.0,1.0,177.0,,71.0,56.0,168.0,42.0,18.0,3868.0,91.0,11.0,3.0,10.0,38.0,6.0,109.0,160.0,90.0,1267.0,10.0,2284.0,serbs,37822.0,42491.0,45609.0,48657.0,50688.0,0.793272927881,0.319206759229,0.886731090875,155.823899371
126,79057,Grad Vranje,city,860.0,82425.0,83524.0,34579.0,24915.0,9664.0,5083.0,4581.0,48945.0,7598.0,6042.0,0.414000766247,83524.0,76569.0,13.0,4.0,589.0,1.0,,43.0,22.0,6.0,255.0,17.0,1.0,4654.0,2.0,10.0,1.0,7.0,8.0,2.0,33.0,48.0,42.0,736.0,7.0,454.0,serbs,27214.0,29779.0,32300.0,33211.0,30496.0,0.720524017467,0.302274795268,0.916730520569,95.8430232558
127,80012,Ada,normal,227.0,16555.0,16991.0,6770.0,5426.0,1344.0,953.0,391.0,10221.0,1117.0,1665.0,0.398446236243,16991.0,2956.0,25.0,,,6.0,1.0,,74.0,12750.0,,13.0,11.0,323.0,11.0,3.0,4.0,18.0,3.0,4.0,50.0,8.0,10.0,388.0,84.0,249.0,hungarians,27068.0,29778.0,32436.0,33857.0,36197.0,0.801477104874,0.327755964965,0.173974457066,72.9295154185
128,80039,Alibunar,normal,602.0,19434.0,20151.0,6782.0,5070.0,1712.0,1064.0,648.0,13369.0,1377.0,3221.0,0.336558979703,20151.0,12234.0,7.0,5.0,12.0,2.0,13.0,1.0,47.0,227.0,115.0,17.0,17.0,833.0,4870.0,10.0,,965.0,11.0,3.0,43.0,37.0,23.0,344.0,64.0,251.0,serbs,23007.0,25662.0,29031.0,30346.0,30923.0,0.747567089354,0.260882988577,0.607116272145,32.2823920266
129,80047,Apatin,normal,380.0,28002.0,28929.0,11757.0,8160.0,3597.0,2536.0,1061.0,17172.0,1894.0,2213.0,0.406408793944,28929.0,18164.0,26.0,3.0,2.0,49.0,1.0,8.0,188.0,3102.0,39.0,29.0,182.0,654.0,1148.0,10.0,7.0,26.0,22.0,4.0,3015.0,74.0,162.0,1557.0,242.0,215.0,serbs,37964.0,39722.0,44206.0,47665.0,44744.0,0.694054605767,0.291407756589,0.627882056068,73.6894736842
130,80055,Bac,normal,367.0,13917.0,14405.0,5705.0,4470.0,1235.0,815.0,420.0,8700.0,913.0,2170.0,0.396043040611,14405.0,6750.0,6.0,40.0,,5.0,,,87.0,958.0,15.0,171.0,92.0,764.0,304.0,14.0,15.0,2845.0,4.0,82.0,1209.0,45.0,87.0,723.0,148.0,41.0,serbs,27070.0,28157.0,30822.0,31607.0,31168.0,0.783523225241,0.321189911619,0.468587296078,37.9209809264
131,80063,Backa Palanka,normal,590.0,54161.0,55528.0,22213.0,16770.0,5443.0,3736.0,1707.0,33315.0,3871.0,4845.0,0.400032416078,55528.0,43843.0,72.0,11.0,5.0,22.0,,,160.0,1356.0,51.0,69.0,105.0,1064.0,6.0,25.0,53.0,5047.0,39.0,27.0,819.0,133.0,89.0,1870.0,501.0,161.0,serbs,34084.0,39759.0,44575.0,48591.0,48265.0,0.754963309774,0.309632392312,0.78956562455,91.7983050847
132,80071,Backa Topola,normal,596.0,32305.0,33321.0,12849.0,10267.0,2582.0,1832.0,750.0,20472.0,2354.0,3453.0,0.38561267669,33321.0,9830.0,60.0,6.0,,206.0,,14.0,200.0,19307.0,39.0,46.0,41.0,100.0,7.0,3.0,254.0,120.0,50.0,20.0,330.0,349.0,53.0,1207.0,333.0,746.0,hungarians,27909.0,31970.0,35229.0,36474.0,37305.0,0.799050509767,0.317814579786,0.295009153387,54.2030201342
133,80080,Backi Petrovac,normal,158.0,13122.0,13418.0,5809.0,4844.0,965.0,720.0,245.0,7609.0,858.0,1109.0,0.432925920405,13418.0,3512.0,26.0,3.0,3.0,,,,58.0,74.0,12.0,13.0,10.0,108.0,,3.0,17.0,8772.0,10.0,6.0,91.0,16.0,20.0,538.0,109.0,17.0,slovaks,23512.0,25375.0,28427.0,30971.0,33469.0,0.833878464452,0.369151044048,0.261737963929,83.0506329114
134,80098,Bela Crkva,normal,353.0,16844.0,17367.0,5969.0,4218.0,1751.0,1155.0,596.0,11398.0,1178.0,2553.0,0.3436978177,17367.0,12715.0,11.0,10.0,13.0,1.0,1.0,,52.0,425.0,97.0,23.0,59.0,791.0,842.0,16.0,1.0,16.0,14.0,4.0,61.0,66.0,666.0,747.0,238.0,498.0,serbs,24584.0,26482.0,29947.0,32545.0,33187.0,0.706651030323,0.250415578247,0.732135659584,47.716713881
135,80101, Beocin,normal,184.0,15428.0,15726.0,6332.0,4457.0,1875.0,1277.0,598.0,9394.0,1032.0,1782.0,0.402645300776,15726.0,10956.0,16.0,11.0,5.0,4.0,,,161.0,295.0,33.0,37.0,45.0,1422.0,14.0,17.0,27.0,830.0,70.0,13.0,557.0,61.0,52.0,721.0,260.0,119.0,serbs,40316.0,44891.0,46070.0,48073.0,50141.0,0.703885028427,0.288890329271,0.696680656238,83.847826087
136,80110,Becej,normal,486.0,36399.0,37351.0,14303.0,10685.0,3618.0,2362.0,1256.0,23048.0,2551.0,3980.0,0.382934861182,37351.0,15451.0,81.0,12.0,7.0,13.0,,6.0,287.0,17309.0,49.0,79.0,38.0,842.0,8.0,7.0,21.0,45.0,12.0,14.0,301.0,107.0,76.0,1823.0,555.0,208.0,hungarians,26316.0,30758.0,34290.0,37603.0,37306.0,0.74704607425,0.29355202066,0.413670316725,74.8950617284
137,80128,Vrsac,normal,800.0,50964.0,52026.0,20354.0,15822.0,4532.0,3035.0,1497.0,31672.0,3859.0,4761.0,0.391227463191,52026.0,37595.0,73.0,19.0,79.0,3.0,6.0,2.0,302.0,2263.0,472.0,41.0,95.0,1368.0,5420.0,26.0,5.0,147.0,146.0,13.0,214.0,139.0,242.0,1438.0,758.0,1160.0,serbs,41617.0,44198.0,49689.0,52454.0,52237.0,0.777341063182,0.310454438427,0.722619459501,63.705
138,80136,zabalj,normal,400.0,25728.0,26134.0,9780.0,6939.0,2841.0,1758.0,1083.0,16354.0,1762.0,3722.0,0.374225147318,26134.0,22134.0,6.0,3.0,1.0,4.0,1.0,,66.0,271.0,31.0,12.0,20.0,1301.0,8.0,12.0,1198.0,34.0,4.0,45.0,137.0,18.0,56.0,431.0,300.0,41.0,serbs,28894.0,32283.0,35994.0,38320.0,37294.0,0.709509202454,0.269706156716,0.846942680034,64.32
139,80144,zitiste,normal,525.0,16050.0,16841.0,6062.0,4692.0,1370.0,803.0,567.0,10779.0,1157.0,2416.0,0.359954872038,16841.0,10436.0,6.0,,17.0,4.0,,13.0,38.0,3371.0,8.0,4.0,13.0,832.0,1412.0,1.0,1.0,5.0,3.0,1.0,63.0,22.0,14.0,409.0,116.0,52.0,serbs,27744.0,32003.0,36558.0,36662.0,29113.0,0.774001979545,0.292336448598,0.61967816638,30.5714285714
140,80152,Zrenjanin,normal,1327.0,120709.0,123362.0,50669.0,39012.0,11657.0,8168.0,3489.0,72693.0,9657.0,9945.0,0.410734261766,123362.0,91579.0,110.0,30.0,184.0,22.0,5.0,19.0,592.0,12350.0,412.0,86.0,139.0,3410.0,2161.0,79.0,25.0,2062.0,94.0,26.0,527.0,280.0,242.0,4695.0,3366.0,867.0,serbs,34299.0,36771.0,39538.0,42635.0,42661.0,0.769938226529,0.323190482897,0.742359883919,90.9638281839
141,80179,Indjija,normal,385.0,46871.0,47433.0,19635.0,14744.0,4891.0,3558.0,1333.0,27798.0,3397.0,4749.0,0.413952311682,47433.0,40871.0,15.0,8.0,13.0,11.0,3.0,3.0,210.0,829.0,71.0,19.0,34.0,426.0,10.0,39.0,6.0,380.0,46.0,391.0,1569.0,117.0,100.0,1630.0,426.0,206.0,serbs,28907.0,31130.0,33509.0,35326.0,34390.0,0.750903997963,0.31456550959,0.861657495836,121.742857143
142,80187,Irig,normal,230.0,10507.0,10866.0,4460.0,3751.0,709.0,480.0,229.0,6406.0,693.0,1053.0,0.410454629118,10866.0,8534.0,8.0,,7.0,1.0,,4.0,75.0,762.0,18.0,20.0,15.0,166.0,8.0,4.0,7.0,16.0,78.0,9.0,232.0,21.0,20.0,490.0,111.0,260.0,serbs,26185.0,29460.0,32622.0,33866.0,35467.0,0.841031390135,0.357000095175,0.785385606479,45.6826086957
143,80195,Kanjiza,normal,399.0,24627.0,25343.0,10290.0,8622.0,1668.0,1139.0,529.0,15053.0,1685.0,2771.0,0.406029278302,25343.0,1830.0,79.0,1.0,,33.0,1.0,,51.0,21576.0,4.0,9.0,9.0,596.0,268.0,1.0,1.0,7.0,7.0,,67.0,33.0,21.0,590.0,49.0,110.0,hungarians,31726.0,34825.0,37879.0,40460.0,41669.0,0.837900874636,0.35010354489,0.0722092885609,61.7218045113
144,80209,Kikinda,normal,783.0,57424.0,59453.0,23026.0,18064.0,4962.0,3299.0,1663.0,36427.0,4447.0,5640.0,0.387297529141,59453.0,44846.0,75.0,14.0,18.0,6.0,1.0,5.0,331.0,7270.0,126.0,74.0,87.0,1981.0,95.0,13.0,12.0,45.0,39.0,23.0,204.0,99.0,56.0,2310.0,1190.0,533.0,serbs,30018.0,32090.0,34767.0,36449.0,37040.0,0.784504473204,0.314572304263,0.754310127327,73.3384418902
145,80217,Kovacica,normal,419.0,24650.0,25274.0,9527.0,7166.0,2361.0,1322.0,1039.0,15747.0,1360.0,4255.0,0.376948642874,25274.0,8407.0,59.0,4.0,10.0,1.0,3.0,,62.0,2522.0,74.0,10.0,14.0,806.0,1543.0,10.0,3.0,10577.0,4.0,5.0,48.0,34.0,28.0,854.0,101.0,95.0,slovaks,25350.0,26692.0,27072.0,30017.0,29327.0,0.752178020363,0.290709939148,0.332634327768,58.830548926
146,80225,Kovin,normal,730.0,32808.0,33722.0,13124.0,10037.0,3087.0,1945.0,1142.0,20598.0,2329.0,4846.0,0.389182136291,33722.0,25150.0,19.0,3.0,121.0,2.0,90.0,3.0,84.0,3001.0,128.0,69.0,47.0,1516.0,1170.0,23.0,2.0,14.0,33.0,6.0,65.0,92.0,160.0,951.0,345.0,628.0,serbs,29748.0,35123.0,38431.0,41522.0,40517.0,0.764782078635,0.305931480127,0.74580392622,44.9424657534
147,80233,Kula,normal,481.0,41587.0,43101.0,16557.0,12047.0,4510.0,2891.0,1619.0,26544.0,3254.0,3985.0,0.384144219392,43101.0,25237.0,50.0,6.0,4.0,42.0,6.0,25.0,129.0,3412.0,138.0,56.0,167.0,314.0,3.0,23.0,4588.0,118.0,44.0,1290.0,569.0,4334.0,155.0,1951.0,319.0,121.0,serbs,27072.0,30084.0,34523.0,37741.0,38439.0,0.727607658392,0.289681871739,0.585531658198,86.4594594595
148,80241,Mali Idjos,normal,181.0,11705.0,12031.0,4243.0,3179.0,1064.0,739.0,325.0,7788.0,850.0,1501.0,0.35267226332,12031.0,2388.0,43.0,3.0,4.0,13.0,,,24.0,6486.0,20.0,33.0,13.0,283.0,2.0,8.0,30.0,4.0,8.0,15.0,55.0,1956.0,123.0,371.0,64.0,85.0,hungarians,25670.0,26959.0,30996.0,32665.0,32252.0,0.749234032524,0.271593336181,0.198487241293,64.6685082873
149,80250,Nova Crnja,normal,273.0,9836.0,10272.0,3575.0,2474.0,1101.0,585.0,516.0,6697.0,745.0,1480.0,0.348033489097,10272.0,6922.0,2.0,2.0,6.0,1.0,,,6.0,1819.0,20.0,4.0,14.0,1016.0,16.0,2.0,1.0,1.0,1.0,2.0,27.0,25.0,7.0,212.0,68.0,98.0,serbs,28186.0,30334.0,34416.0,35602.0,36961.0,0.692027972028,0.251525010167,0.673870716511,36.0293040293
150,80268,Novi Becej,normal,609.0,23320.0,23925.0,9805.0,7413.0,2392.0,1592.0,800.0,14120.0,1469.0,2510.0,0.409822361546,23925.0,16132.0,72.0,3.0,4.0,3.0,1.0,,83.0,4319.0,42.0,11.0,14.0,1295.0,59.0,14.0,4.0,15.0,8.0,2.0,66.0,27.0,29.0,838.0,306.0,578.0,serbs,26586.0,28603.0,30976.0,32959.0,33670.0,0.756042835288,0.317881646655,0.674273772205,38.2922824302
151,80276,Novi Knezevac,normal,305.0,10895.0,11269.0,4466.0,3758.0,708.0,512.0,196.0,6803.0,706.0,1115.0,0.396308456828,11269.0,6445.0,13.0,1.0,1.0,12.0,1.0,,47.0,3217.0,21.0,6.0,10.0,923.0,2.0,8.0,1.0,10.0,7.0,4.0,64.0,40.0,8.0,290.0,93.0,45.0,serbs,29136.0,32074.0,35744.0,37051.0,37918.0,0.841468875952,0.344928866453,0.571922974532,35.7213114754
152,80284,Novi Sad - grad (20,city,610.0,314620.0,307760.0,139707.0,111969.0,27738.0,20337.0,7401.0,168053.0,30402.0,14674.0,0.453947881466,307760.0,241789.0,328.0,131.0,141.0,257.0,11.0,625.0,2088.0,12637.0,1015.0,1102.0,388.0,3576.0,832.0,290.0,1952.0,6393.0,370.0,425.0,3781.0,3186.0,1735.0,14262.0,8935.0,1511.0,serbs,,,47853.0,50353.0,50543.0,0.801455904142,0.355886466213,0.78564140889,515.770491803
153,80292,Opovo,normal,203.0,10159.0,10440.0,4132.0,3439.0,693.0,425.0,268.0,6308.0,580.0,1509.0,0.395785440613,10440.0,8994.0,8.0,1.0,5.0,,,1.0,29.0,54.0,62.0,5.0,18.0,312.0,198.0,9.0,,31.0,1.0,10.0,167.0,12.0,21.0,152.0,203.0,147.0,serbs,27384.0,29041.0,31783.0,35767.0,35984.0,0.832284607938,0.338517570627,0.861494252874,50.0443349754
154,80306,Odzaci,normal,411.0,28894.0,30154.0,11059.0,7229.0,3830.0,2337.0,1493.0,19095.0,2007.0,3413.0,0.366750679843,30154.0,25077.0,32.0,2.0,7.0,13.0,3.0,,105.0,1188.0,46.0,11.0,60.0,1035.0,100.0,11.0,61.0,835.0,17.0,27.0,225.0,121.0,46.0,700.0,302.0,130.0,serbs,25310.0,28063.0,34994.0,36733.0,37659.0,0.653675739217,0.250190350938,0.831630961067,70.301703163
155,80314,Pancevo,normal,756.0,122013.0,123414.0,50634.0,38648.0,11986.0,8249.0,3737.0,72780.0,9503.0,11748.0,0.410277602217,123414.0,97499.0,68.0,102.0,501.0,13.0,10.0,84.0,586.0,3422.0,4558.0,414.0,196.0,2118.0,3173.0,90.0,14.0,1411.0,120.0,38.0,880.0,529.0,450.0,4278.0,1185.0,1675.0,serbs,37592.0,43621.0,47558.0,50754.0,50196.0,0.763281589446,0.316753132863,0.790015719448,161.392857143
156,80322,Pecinci,normal,489.0,19585.0,19720.0,7798.0,6693.0,1105.0,737.0,368.0,11922.0,1232.0,3178.0,0.395436105477,19720.0,17965.0,5.0,11.0,8.0,,1.0,4.0,22.0,21.0,33.0,11.0,7.0,1008.0,4.0,11.0,6.0,79.0,1.0,3.0,42.0,22.0,8.0,236.0,86.0,126.0,serbs,38271.0,40358.0,42790.0,46800.0,47959.0,0.858296999231,0.341741128415,0.911004056795,40.0511247444
157,80349,Plandiste,normal,383.0,10867.0,11336.0,3872.0,2910.0,962.0,629.0,333.0,7464.0,735.0,1342.0,0.341566690191,11336.0,5868.0,5.0,,16.0,8.0,,,16.0,1280.0,1042.0,7.0,26.0,281.0,784.0,,,616.0,29.0,5.0,34.0,12.0,25.0,1027.0,83.0,172.0,serbs,23583.0,23900.0,25791.0,27852.0,28452.0,0.751549586777,0.267783196834,0.517642907551,28.3733681462
158,80357,Ruma,normal,582.0,52979.0,54339.0,21074.0,16166.0,4908.0,3423.0,1485.0,33265.0,4018.0,6569.0,0.387824582712,54339.0,46891.0,57.0,6.0,10.0,1.0,1.0,,267.0,1171.0,153.0,39.0,49.0,1297.0,7.0,10.0,14.0,50.0,26.0,24.0,1719.0,54.0,60.0,1696.0,379.0,358.0,serbs,28663.0,31322.0,35215.0,36687.0,37869.0,0.767106387017,0.305139772363,0.862934540569,91.029209622
159,80365,Senta,normal,293.0,22705.0,23316.0,9040.0,7389.0,1651.0,1062.0,589.0,14276.0,1685.0,1888.0,0.387716589466,23316.0,2533.0,62.0,13.0,1.0,21.0,,4.0,107.0,18441.0,27.0,13.0,13.0,595.0,3.0,11.0,13.0,31.0,9.0,6.0,84.0,48.0,20.0,673.0,122.0,466.0,hungarians,34967.0,38898.0,43070.0,44648.0,43912.0,0.817367256637,0.325434926228,0.108637845256,77.4914675768
160,80373,Secanj,normal,523.0,12640.0,13267.0,4473.0,3257.0,1216.0,666.0,550.0,8794.0,906.0,1918.0,0.337152332856,13267.0,9195.0,4.0,,87.0,3.0,1.0,11.0,50.0,1691.0,39.0,11.0,39.0,714.0,566.0,12.0,1.0,52.0,7.0,2.0,113.0,24.0,9.0,439.0,150.0,47.0,serbs,26562.0,26976.0,31150.0,33278.0,33165.0,0.728146657724,0.257674050633,0.693073038366,24.1682600382
161,80381, Sombor,normal,1216.0,83297.0,85903.0,33497.0,25730.0,7767.0,5252.0,2515.0,52406.0,6166.0,8523.0,0.389939815839,85903.0,54370.0,118.0,22.0,31.0,2058.0,2.0,67.0,852.0,9874.0,171.0,91.0,494.0,1015.0,89.0,41.0,62.0,117.0,74.0,23.0,7070.0,541.0,489.0,6534.0,1479.0,219.0,serbs,30159.0,33825.0,35699.0,36345.0,35517.0,0.768128489118,0.30889467808,0.632923180797,68.5008223684
162,80390,Srbobran,normal,284.0,15939.0,16317.0,6184.0,4394.0,1790.0,1184.0,606.0,10133.0,1066.0,2133.0,0.378991236134,16317.0,10709.0,7.0,2.0,2.0,3.0,,,55.0,3387.0,27.0,22.0,20.0,629.0,8.0,9.0,23.0,20.0,9.0,29.0,118.0,82.0,30.0,594.0,447.0,85.0,serbs,24653.0,27994.0,32647.0,35431.0,35413.0,0.710543337646,0.275676014806,0.656309370595,56.1232394366
163,80403,Sremska Mitrovica,normal,762.0,78186.0,79940.0,32738.0,25877.0,6861.0,4836.0,2025.0,47202.0,5849.0,8812.0,0.409532149112,79940.0,69849.0,69.0,28.0,22.0,2.0,1.0,6.0,290.0,696.0,126.0,50.0,103.0,1194.0,48.0,50.0,620.0,281.0,60.0,534.0,2112.0,131.0,153.0,2375.0,645.0,495.0,serbs,31236.0,34356.0,37725.0,40134.0,41184.0,0.790427026697,0.330967180825,0.873767825869,102.606299213
164,80411,Sremski Karlovci,normal,51.0,8588.0,8750.0,3752.0,2889.0,863.0,675.0,188.0,4998.0,709.0,561.0,0.4288,8750.0,6820.0,6.0,,4.0,4.0,,9.0,71.0,182.0,25.0,3.0,63.0,14.0,7.0,11.0,16.0,29.0,15.0,7.0,576.0,41.0,24.0,534.0,244.0,45.0,serbs,30554.0,30535.0,30284.0,33335.0,37767.0,0.769989339019,0.336399627387,0.779428571429,168.392156863
165,80420,Stara Pazova,normal,350.0,65389.0,65792.0,27322.0,21366.0,5956.0,4259.0,1697.0,38470.0,4947.0,6755.0,0.415278453307,65792.0,54516.0,9.0,17.0,12.0,4.0,2.0,21.0,206.0,131.0,179.0,83.0,27.0,1193.0,8.0,52.0,9.0,5212.0,27.0,47.0,1336.0,122.0,78.0,1838.0,180.0,483.0,serbs,25495.0,28458.0,31444.0,33638.0,36946.0,0.782007173706,0.326752206029,0.828611381323,186.825714286
166,80438,Subotica,normal,1007.0,139612.0,141554.0,59364.0,46593.0,12771.0,9462.0,3309.0,82190.0,9985.0,9792.0,0.419373525298,141554.0,38254.0,383.0,216.0,76.0,13553.0,2.0,151.0,3202.0,50469.0,482.0,334.0,260.0,2959.0,67.0,76.0,172.0,158.0,169.0,46.0,14151.0,1349.0,580.0,11815.0,2067.0,563.0,hungarians,31942.0,34703.0,37202.0,39761.0,40663.0,0.78486961795,0.333732057416,0.270243158088,138.641509434
167,80446,Temerin,normal,170.0,28098.0,28287.0,12281.0,9502.0,2779.0,2042.0,737.0,16006.0,2269.0,2353.0,0.434157033266,28287.0,19112.0,10.0,1.0,3.0,8.0,,,122.0,7460.0,28.0,18.0,16.0,83.0,12.0,7.0,51.0,67.0,16.0,20.0,165.0,53.0,20.0,664.0,262.0,89.0,serbs,26013.0,28736.0,29910.0,32556.0,34194.0,0.773715495481,0.338173535483,0.675646056492,165.282352941
168,80454,Titel,normal,261.0,15429.0,15738.0,5550.0,4240.0,1310.0,815.0,495.0,10188.0,1046.0,2656.0,0.352649637819,15738.0,13615.0,24.0,,16.0,3.0,,,50.0,822.0,53.0,3.0,19.0,264.0,7.0,8.0,18.0,99.0,11.0,3.0,165.0,25.0,18.0,295.0,191.0,29.0,serbs,23940.0,27343.0,29103.0,32346.0,32902.0,0.763963963964,0.274807181282,0.865103570975,59.1149425287
169,80462,Vrbas,normal,376.0,41029.0,42092.0,16781.0,12033.0,4748.0,3033.0,1715.0,25311.0,3614.0,3165.0,0.398674332415,42092.0,23251.0,48.0,7.0,13.0,15.0,,,170.0,2464.0,149.0,112.0,121.0,355.0,5.0,46.0,3375.0,286.0,35.0,836.0,549.0,7353.0,226.0,2066.0,452.0,158.0,serbs,31844.0,35479.0,36594.0,39174.0,39159.0,0.717060961802,0.29328036267,0.552385251354,109.119680851
170,80489,coka,normal,321.0,10938.0,11398.0,4664.0,3927.0,737.0,506.0,231.0,6734.0,666.0,1161.0,0.409194595543,11398.0,4437.0,10.0,,,5.0,,5.0,55.0,5661.0,20.0,20.0,7.0,351.0,42.0,2.0,3.0,96.0,14.0,2.0,61.0,19.0,107.0,408.0,52.0,21.0,hungarians,25565.0,27872.0,31319.0,33690.0,34077.0,0.841981132075,0.359023587493,0.389278820846,34.0747663551
171,80497,sid,normal,687.0,33200.0,34188.0,13179.0,9788.0,3391.0,2379.0,1012.0,21009.0,2440.0,4665.0,0.385486135486,34188.0,26646.0,10.0,5.0,4.0,2.0,,4.0,152.0,179.0,26.0,24.0,14.0,204.0,4.0,17.0,1027.0,2136.0,6.0,47.0,1748.0,26.0,26.0,1393.0,111.0,377.0,serbs,28695.0,29856.0,34530.0,39944.0,37292.0,0.74269671447,0.294819277108,0.779396279396,48.326055313
172,80519,Petrovaradin,normal,89.0,33920.0,33865.0,14797.0,11208.0,3589.0,2659.0,930.0,19068.0,3225.0,1675.0,0.43694079433,33865.0,27328.0,28.0,18.0,14.0,30.0,2.0,84.0,267.0,635.0,96.0,36.0,41.0,60.0,59.0,39.0,208.0,203.0,42.0,59.0,1554.0,258.0,86.0,1661.0,846.0,211.0,serbs,,,40472.0,43695.0,42417.0,0.757450834629,0.330424528302,0.806968846892,381.123595506
173,89010,Novi Sad-grad ,city,699.0,348540.0,341625.0,154504.0,123177.0,31327.0,22996.0,8331.0,187121.0,33627.0,16349.0,0.452261983169,341625.0,269117.0,356.0,149.0,155.0,287.0,13.0,709.0,2355.0,13272.0,1111.0,1138.0,429.0,3636.0,891.0,329.0,2160.0,6596.0,412.0,484.0,5335.0,3444.0,1821.0,15923.0,9781.0,1722.0,serbs,39240.0,43600.0,47502.0,50043.0,50175.0,0.797241495366,0.353408504045,0.787755579949,498.626609442
174,79065,,,,,,,,,,,,,,,,,,,,,,,,,,,,,,,,,,,,,,,,,,32746.0,36386.0,39189.0,42556.0,43764.0,,,,
175,71366,,,,,,,,,,,,,,,,,,,,,,,,,,,,,,,,,,,,,,,,,,,,,,,,,,
