mun_id,year, domestic borrowing, foreign borrowing, sale forest and water, sale of domestic financial assets, sale of foreign financial assets, sale of goods for resale, sale of inventories, sale of land, sale of other fixed assets , sale of stockpiles, sale of valuables, sale underground valuables,Donations from foreign governments,Donations from international organizations,Excises,"Fines, penalties and forfeits",Income from sale of movable property,Memorandum items for expenditures refund ,Memorandum items for expenditures refund from the previous year,Mixed and indefinite income,Other social contributions,Other taxes,Property income,Revenue from the budget,Sales of goods and services,Single tax on exra profit and extra assets acquired using special benefits,Social security contributions,Taxes on goods and services,"Taxes on income, profits and capital gains ",Taxes on international trade and transactions,Taxes on payroll and workforce,Taxes on property,Transfers between budget users at the same level,Transfers from other level of government,Voluntary transfers other than grants,proceeds from the real estate sales
70017,2011,0.0,0.0,0.0,0.0,0.0,0.0,0.0,0.0,0.0,0.0,0.0,0.0,0.0,91280.0,0.0,16050.0,0.0,25920.0,2000.0,81590.0,0.0,157930.0,80470.0,125580.0,157300.0,0.0,0.0,193320.0,1381200.0,0.0,1270.0,205580.0,0.0,1582200.0,144420.0,0.0
70017,2012,0.0,0.0,0.0,0.0,0.0,0.0,0.0,0.0,0.0,0.0,0.0,0.0,0.0,94830.0,0.0,18700.0,0.0,33050.0,3940.0,144440.0,0.0,145370.0,68080.0,122590.0,200190.0,0.0,0.0,217580.0,1931210.0,0.0,3850.0,213760.0,0.0,2362940.0,10460.0,0.0
70017,2013,0.0,0.0,0.0,0.0,0.0,0.0,0.0,0.0,0.0,0.0,0.0,0.0,0.0,211250.0,0.0,25070.0,100.0,25590.0,4380.0,47980.0,0.0,104170.0,57170.0,0.0,183890.0,0.0,0.0,140990.0,1967940.0,0.0,0.0,315420.0,0.0,2648800.0,29420.0,10.0
70025,2011,49270.0,0.0,0.0,2610.0,0.0,0.0,0.0,0.0,0.0,0.0,0.0,0.0,14320.0,0.0,0.0,29800.0,0.0,29170.0,5470.0,123130.0,0.0,160220.0,441440.0,0.0,487850.0,0.0,0.0,269530.0,2522500.0,0.0,160.0,302490.0,0.0,3302780.0,124000.0,35700.0
70025,2012,262040.0,900.0,0.0,0.0,0.0,0.0,0.0,0.0,0.0,0.0,0.0,0.0,0.0,367580.0,0.0,18440.0,0.0,36460.0,9860.0,151370.0,0.0,140880.0,386430.0,0.0,475480.0,0.0,0.0,267300.0,4030670.0,0.0,0.0,293670.0,0.0,4946660.0,102160.0,38810.0
70025,2013,0.0,0.0,0.0,0.0,0.0,0.0,0.0,0.0,0.0,0.0,0.0,0.0,0.0,171720.0,0.0,64300.0,0.0,32910.0,9060.0,124260.0,0.0,131480.0,509430.0,0.0,422640.0,0.0,0.0,257410.0,3884400.0,0.0,0.0,834640.0,0.0,5297620.0,51360.0,100440.0
70033,2011,0.0,0.0,0.0,0.0,0.0,0.0,0.0,0.0,0.0,0.0,0.0,0.0,0.0,0.0,0.0,57950.0,260.0,48810.0,11410.0,198450.0,0.0,0.0,650390.0,151650.0,705330.0,0.0,0.0,676980.0,3900450.0,0.0,0.0,760090.0,0.0,2335110.0,40440.0,3570.0
70033,2012,0.0,0.0,0.0,0.0,0.0,0.0,0.0,0.0,0.0,0.0,0.0,0.0,0.0,103840.0,0.0,59790.0,450.0,92320.0,0.0,287400.0,0.0,269100.0,667610.0,0.0,738590.0,0.0,0.0,436120.0,6078180.0,0.0,0.0,776560.0,0.0,3821440.0,9670.0,2560.0
70033,2013,0.0,0.0,0.0,0.0,0.0,0.0,0.0,4290.0,0.0,0.0,0.0,0.0,0.0,11280.0,0.0,72100.0,290.0,95230.0,0.0,264730.0,0.0,310770.0,729370.0,0.0,751110.0,0.0,0.0,325420.0,5737970.0,0.0,10.0,829250.0,0.0,2964370.0,175290.0,0.0
70041,2011,301180.0,0.0,0.0,0.0,0.0,0.0,0.0,0.0,0.0,0.0,0.0,0.0,0.0,679130.0,0.0,23850.0,4750.0,34290.0,630.0,108140.0,0.0,187890.0,57210.0,0.0,317370.0,0.0,0.0,122630.0,1294780.0,0.0,750.0,294450.0,88210.0,1070880.0,91810.0,0.0
70041,2012,0.0,0.0,0.0,230.0,0.0,0.0,0.0,0.0,0.0,0.0,0.0,0.0,0.0,455190.0,0.0,28830.0,0.0,39600.0,2640.0,207030.0,0.0,121560.0,69720.0,110.0,318490.0,0.0,0.0,127630.0,1802100.0,0.0,0.0,209440.0,82360.0,1001180.0,23890.0,0.0
70041,2013,0.0,0.0,0.0,0.0,0.0,0.0,0.0,0.0,0.0,0.0,0.0,0.0,0.0,70100.0,0.0,27310.0,0.0,43090.0,980.0,68910.0,0.0,125720.0,59470.0,9080.0,258340.0,0.0,0.0,55070.0,1784230.0,0.0,0.0,273230.0,98690.0,1120330.0,46030.0,0.0
70050,2011,0.0,0.0,0.0,90.0,0.0,0.0,0.0,0.0,0.0,0.0,0.0,0.0,0.0,2580.0,0.0,3340.0,0.0,20850.0,7070.0,85530.0,0.0,38000.0,39730.0,2860.0,24260.0,0.0,0.0,0.0,726630.0,0.0,0.0,95150.0,57070.0,1230420.0,340.0,0.0
70050,2012,0.0,0.0,0.0,100.0,0.0,26010.0,0.0,0.0,0.0,0.0,0.0,0.0,0.0,86540.0,0.0,2710.0,0.0,5850.0,0.0,110670.0,0.0,22740.0,60960.0,0.0,48440.0,0.0,0.0,0.0,845530.0,0.0,0.0,97840.0,1130.0,2617030.0,200.0,0.0
70050,2013,0.0,0.0,0.0,100.0,0.0,0.0,0.0,0.0,0.0,0.0,0.0,0.0,0.0,4100.0,0.0,3690.0,0.0,21440.0,0.0,141410.0,0.0,0.0,83500.0,0.0,14100.0,0.0,0.0,6770.0,733970.0,0.0,0.0,136180.0,0.0,2587360.0,0.0,0.0
70068,2011,169910.0,0.0,0.0,13630.0,0.0,17380.0,0.0,0.0,1660.0,0.0,0.0,0.0,0.0,20160.0,0.0,24450.0,0.0,27720.0,3280.0,173020.0,0.0,687570.0,1476930.0,0.0,1893170.0,0.0,0.0,324890.0,1710830.0,0.0,70.0,457860.0,5800.0,1161950.0,7220.0,0.0
70068,2012,0.0,37100.0,0.0,0.0,0.0,21330.0,0.0,0.0,4810.0,0.0,0.0,0.0,0.0,0.0,0.0,28050.0,0.0,45760.0,0.0,98320.0,0.0,543700.0,1262450.0,0.0,1796970.0,0.0,0.0,233080.0,2664610.0,0.0,0.0,1071840.0,2770.0,1781190.0,25060.0,17910.0
70068,2013,200000.0,0.0,0.0,0.0,0.0,1530.0,0.0,0.0,110.0,0.0,0.0,0.0,0.0,2760.0,0.0,23990.0,0.0,22470.0,260.0,52760.0,0.0,440210.0,1206860.0,0.0,284810.0,0.0,0.0,299850.0,2441900.0,0.0,20.0,971420.0,20330.0,2070730.0,25600.0,42250.0
70076,2011,0.0,0.0,0.0,0.0,0.0,0.0,0.0,0.0,0.0,0.0,0.0,0.0,0.0,40870.0,0.0,35710.0,0.0,11810.0,0.0,18720.0,0.0,106190.0,440010.0,0.0,81950.0,0.0,0.0,85430.0,661240.0,0.0,0.0,124390.0,0.0,1099320.0,0.0,0.0
70076,2012,0.0,0.0,0.0,0.0,0.0,0.0,0.0,0.0,0.0,0.0,0.0,0.0,0.0,82070.0,0.0,43580.0,0.0,15820.0,0.0,31990.0,0.0,125970.0,450380.0,0.0,61460.0,0.0,0.0,80120.0,1099120.0,10.0,0.0,134720.0,0.0,1597360.0,600.0,0.0
70076,2013,0.0,0.0,0.0,0.0,0.0,0.0,0.0,65180.0,0.0,0.0,0.0,0.0,0.0,16910.0,0.0,35480.0,0.0,8630.0,0.0,24500.0,0.0,88990.0,465150.0,0.0,113660.0,0.0,0.0,84810.0,1049640.0,0.0,0.0,163790.0,0.0,1248670.0,0.0,0.0
70084,2011,256390.0,0.0,0.0,0.0,0.0,0.0,0.0,0.0,0.0,0.0,0.0,0.0,0.0,58520.0,0.0,6820.0,0.0,3990.0,0.0,66540.0,0.0,25080.0,30140.0,0.0,16380.0,0.0,0.0,45590.0,544020.0,0.0,0.0,67650.0,0.0,1476210.0,1620.0,0.0
70084,2012,9780.0,0.0,0.0,0.0,0.0,0.0,0.0,0.0,0.0,0.0,0.0,0.0,3250.0,156180.0,0.0,8110.0,0.0,16630.0,0.0,50140.0,0.0,31680.0,112600.0,0.0,24660.0,0.0,0.0,67660.0,931530.0,0.0,90.0,90760.0,0.0,2921120.0,770.0,0.0
70084,2013,0.0,0.0,0.0,0.0,0.0,1050.0,0.0,0.0,0.0,0.0,0.0,0.0,0.0,173690.0,0.0,9760.0,0.0,26410.0,0.0,69000.0,0.0,28410.0,129390.0,0.0,27110.0,0.0,0.0,95400.0,1279610.0,0.0,130.0,75980.0,0.0,2572840.0,0.0,0.0
70262,2011,0.0,0.0,0.0,0.0,0.0,240.0,0.0,0.0,0.0,0.0,0.0,0.0,0.0,0.0,0.0,25530.0,0.0,6100.0,3290.0,22780.0,0.0,47610.0,63190.0,0.0,124150.0,0.0,0.0,51160.0,694410.0,0.0,0.0,117860.0,34380.0,941180.0,20930.0,0.0
70262,2012,0.0,0.0,0.0,0.0,0.0,0.0,0.0,0.0,0.0,0.0,0.0,0.0,0.0,2280.0,0.0,30850.0,0.0,16750.0,3360.0,42130.0,0.0,56730.0,89060.0,0.0,99620.0,0.0,0.0,57270.0,990450.0,0.0,0.0,105410.0,31100.0,1816230.0,950.0,0.0
70262,2013,0.0,0.0,0.0,0.0,0.0,0.0,0.0,0.0,0.0,0.0,0.0,0.0,0.0,0.0,0.0,33370.0,0.0,5690.0,2200.0,40010.0,0.0,45780.0,103640.0,0.0,119020.0,0.0,0.0,28010.0,864640.0,0.0,30.0,95400.0,33470.0,1798090.0,23190.0,0.0
70289,2011,0.0,0.0,0.0,0.0,0.0,0.0,0.0,0.0,0.0,0.0,0.0,0.0,0.0,0.0,0.0,16590.0,0.0,16550.0,0.0,2090.0,0.0,23400.0,41490.0,119490.0,60650.0,0.0,0.0,95000.0,392220.0,0.0,0.0,82700.0,0.0,1144430.0,1290.0,0.0
70289,2012,259620.0,0.0,0.0,0.0,0.0,0.0,0.0,0.0,0.0,0.0,0.0,0.0,0.0,0.0,0.0,39540.0,0.0,19200.0,14480.0,28420.0,0.0,75870.0,222220.0,104420.0,165260.0,0.0,0.0,193100.0,1550440.0,0.0,10.0,328220.0,2370.0,3138450.0,297800.0,0.0
70289,2013,0.0,0.0,0.0,0.0,0.0,0.0,0.0,0.0,0.0,0.0,0.0,0.0,0.0,81360.0,0.0,35450.0,0.0,28660.0,12620.0,12870.0,0.0,82840.0,217550.0,123400.0,172010.0,0.0,0.0,127410.0,1490890.0,0.0,20.0,242860.0,3210.0,3499060.0,3050.0,0.0
70297,2011,0.0,0.0,0.0,270.0,0.0,0.0,0.0,0.0,0.0,0.0,0.0,0.0,0.0,0.0,0.0,15030.0,0.0,4480.0,1930.0,5440.0,0.0,17870.0,138430.0,0.0,25300.0,0.0,0.0,27140.0,308020.0,0.0,260.0,36020.0,0.0,1243740.0,900.0,0.0
70297,2012,0.0,0.0,0.0,60310.0,0.0,0.0,0.0,0.0,0.0,0.0,0.0,0.0,0.0,0.0,0.0,14720.0,0.0,25910.0,5700.0,5460.0,0.0,23610.0,159010.0,0.0,18300.0,0.0,0.0,29760.0,499090.0,0.0,10.0,50670.0,0.0,2170380.0,2200.0,0.0
70297,2013,0.0,0.0,0.0,0.0,0.0,0.0,0.0,0.0,0.0,0.0,0.0,0.0,2208310.0,0.0,0.0,18500.0,0.0,9910.0,1780.0,63080.0,0.0,20340.0,165320.0,0.0,11280.0,0.0,0.0,28560.0,471070.0,0.0,0.0,57870.0,0.0,0.0,1170.0,0.0
70319,2011,121700.0,0.0,0.0,0.0,0.0,0.0,0.0,0.0,0.0,0.0,0.0,0.0,0.0,19780.0,0.0,13230.0,1300.0,16690.0,0.0,32060.0,0.0,112700.0,163220.0,89990.0,84190.0,0.0,0.0,71470.0,514160.0,0.0,-20.0,94500.0,0.0,1391630.0,25450.0,0.0
70319,2012,0.0,0.0,0.0,0.0,0.0,0.0,0.0,0.0,0.0,0.0,0.0,0.0,0.0,39380.0,0.0,13530.0,0.0,1740.0,960.0,32020.0,0.0,106650.0,157160.0,125360.0,47620.0,0.0,0.0,75140.0,863320.0,0.0,30.0,133120.0,0.0,2233150.0,24520.0,38500.0
70319,2013,0.0,0.0,0.0,0.0,0.0,0.0,0.0,0.0,0.0,0.0,0.0,0.0,0.0,12400.0,0.0,13300.0,0.0,18540.0,0.0,16890.0,0.0,71560.0,192330.0,4230.0,29010.0,0.0,0.0,58730.0,946220.0,0.0,0.0,122460.0,0.0,2512020.0,37850.0,144650.0
70327,2011,108580.0,0.0,0.0,470.0,0.0,120760.0,20.0,0.0,0.0,0.0,0.0,0.0,0.0,109130.0,0.0,61730.0,0.0,33420.0,970.0,44670.0,0.0,445190.0,1406070.0,0.0,445280.0,0.0,0.0,755040.0,5555750.0,0.0,-20.0,1074510.0,170000.0,2826470.0,242240.0,68140.0
70327,2012,382930.0,0.0,0.0,0.0,0.0,94840.0,10.0,200.0,0.0,0.0,0.0,0.0,0.0,222370.0,0.0,54520.0,0.0,83870.0,12130.0,53100.0,0.0,508610.0,911710.0,0.0,538550.0,0.0,0.0,524910.0,10149540.0,0.0,16950.0,811540.0,80000.0,3114550.0,89510.0,86610.0
70327,2013,0.0,0.0,0.0,0.0,0.0,81030.0,50.0,81460.0,0.0,0.0,0.0,0.0,0.0,138360.0,0.0,66020.0,0.0,92510.0,15910.0,47820.0,0.0,484470.0,1264280.0,0.0,563640.0,0.0,0.0,1845700.0,9521850.0,0.0,1460.0,922560.0,0.0,3616060.0,27010.0,102970.0
70335,2011,0.0,0.0,0.0,0.0,0.0,8330.0,0.0,0.0,0.0,0.0,0.0,0.0,10250.0,0.0,0.0,1810.0,0.0,18130.0,0.0,46880.0,0.0,404910.0,20380.0,500.0,18140.0,0.0,0.0,19710.0,368280.0,0.0,0.0,34260.0,2040.0,989090.0,13640.0,0.0
70335,2012,0.0,0.0,0.0,0.0,0.0,45340.0,0.0,0.0,0.0,0.0,0.0,0.0,120470.0,10100.0,0.0,2150.0,0.0,38450.0,0.0,57620.0,0.0,371230.0,49320.0,8120.0,20520.0,0.0,0.0,21180.0,639570.0,0.0,0.0,56960.0,4030.0,2482190.0,7270.0,2830.0
70335,2013,0.0,0.0,0.0,0.0,0.0,5100.0,0.0,0.0,0.0,0.0,0.0,0.0,0.0,7230.0,0.0,3050.0,0.0,15510.0,0.0,17130.0,0.0,243650.0,28500.0,0.0,83470.0,0.0,0.0,23880.0,635620.0,0.0,0.0,56080.0,5890.0,2818130.0,310.0,1610.0
70343,2011,0.0,0.0,0.0,6400.0,0.0,0.0,0.0,0.0,5250.0,0.0,0.0,0.0,0.0,23700.0,0.0,19000.0,0.0,2290.0,0.0,39490.0,0.0,348280.0,51730.0,67220.0,291580.0,0.0,0.0,114920.0,891970.0,0.0,0.0,252890.0,0.0,1028710.0,0.0,820.0
70343,2012,0.0,0.0,0.0,250.0,0.0,0.0,0.0,0.0,0.0,0.0,0.0,0.0,90350.0,0.0,0.0,26330.0,1770.0,4760.0,0.0,48020.0,0.0,193760.0,37330.0,68250.0,155050.0,0.0,0.0,127290.0,1311680.0,0.0,0.0,294090.0,0.0,1962840.0,230.0,870.0
70343,2013,0.0,0.0,0.0,240.0,0.0,0.0,0.0,0.0,60.0,0.0,0.0,0.0,0.0,0.0,0.0,28440.0,0.0,3820.0,4440.0,103290.0,0.0,159480.0,38600.0,72130.0,128620.0,0.0,0.0,97950.0,1217240.0,0.0,20.0,306430.0,0.0,2019490.0,5000.0,830.0
70351,2011,0.0,0.0,0.0,0.0,0.0,0.0,0.0,0.0,150.0,0.0,0.0,0.0,0.0,86480.0,0.0,27300.0,0.0,39270.0,720.0,187600.0,0.0,255070.0,130740.0,282910.0,205160.0,0.0,0.0,289930.0,1625740.0,0.0,240.0,223060.0,0.0,3488440.0,2750.0,120.0
70351,2012,0.0,0.0,0.0,0.0,0.0,0.0,0.0,0.0,0.0,0.0,0.0,0.0,0.0,7190.0,0.0,36430.0,0.0,33120.0,760.0,258740.0,0.0,302680.0,107570.0,231520.0,226830.0,0.0,0.0,265620.0,2596920.0,0.0,0.0,271060.0,400.0,5015030.0,2490.0,130.0
70351,2013,0.0,0.0,0.0,0.0,0.0,0.0,0.0,0.0,0.0,0.0,0.0,0.0,0.0,1140.0,0.0,62070.0,0.0,28210.0,0.0,232600.0,0.0,207010.0,171610.0,246910.0,302890.0,0.0,0.0,163190.0,2531620.0,0.0,170.0,353420.0,1570.0,5513680.0,4420.0,0.0
70360,2011,0.0,0.0,0.0,157500.0,0.0,3620.0,0.0,0.0,0.0,20910.0,0.0,0.0,0.0,33520.0,0.0,140960.0,17500.0,33450.0,770.0,615260.0,0.0,459080.0,463910.0,2042810.0,2257350.0,0.0,0.0,947540.0,8109280.0,0.0,6560.0,2207580.0,96300.0,3606320.0,54320.0,8150.0
70360,2012,0.0,0.0,0.0,58630.0,0.0,1110.0,0.0,674070.0,0.0,25110.0,0.0,0.0,0.0,33100.0,0.0,166580.0,0.0,143020.0,0.0,424190.0,0.0,454190.0,455520.0,0.0,1511530.0,0.0,0.0,1011780.0,12447240.0,0.0,60.0,2228290.0,0.0,6967000.0,95480.0,105490.0
70360,2013,0.0,97040.0,0.0,0.0,0.0,2300.0,0.0,0.0,1500.0,12220.0,0.0,0.0,0.0,0.0,0.0,214130.0,0.0,115420.0,1360.0,192990.0,0.0,343190.0,867550.0,0.0,1664520.0,0.0,0.0,769370.0,11496460.0,0.0,430.0,2315960.0,0.0,5237920.0,21250.0,108110.0
70378,2011,0.0,0.0,0.0,410.0,0.0,0.0,0.0,0.0,0.0,0.0,0.0,0.0,0.0,0.0,0.0,18510.0,0.0,0.0,0.0,40160.0,0.0,115740.0,154430.0,0.0,13490.0,0.0,0.0,94210.0,558680.0,0.0,0.0,156840.0,0.0,1490010.0,0.0,0.0
70378,2012,0.0,0.0,0.0,480.0,0.0,0.0,0.0,0.0,0.0,0.0,0.0,0.0,0.0,0.0,0.0,24060.0,0.0,0.0,0.0,33630.0,0.0,247500.0,70940.0,0.0,30020.0,0.0,0.0,86210.0,813300.0,0.0,0.0,157900.0,0.0,2409910.0,0.0,0.0
70378,2013,0.0,0.0,0.0,460.0,0.0,0.0,0.0,0.0,0.0,0.0,0.0,0.0,0.0,0.0,0.0,24380.0,0.0,0.0,0.0,30880.0,0.0,86230.0,69120.0,0.0,11900.0,0.0,0.0,71260.0,748470.0,0.0,0.0,172540.0,0.0,2628800.0,0.0,0.0
70386,2011,0.0,50.0,0.0,0.0,0.0,10020.0,0.0,0.0,0.0,0.0,0.0,0.0,0.0,0.0,0.0,57470.0,40.0,11570.0,0.0,372950.0,0.0,165540.0,223760.0,0.0,182970.0,0.0,0.0,314300.0,2757210.0,0.0,0.0,545570.0,7650.0,2280780.0,24430.0,3950.0
70386,2012,0.0,0.0,0.0,100.0,0.0,15660.0,0.0,0.0,0.0,0.0,0.0,0.0,0.0,2060.0,0.0,60810.0,0.0,15210.0,0.0,216420.0,0.0,126650.0,141460.0,0.0,190000.0,0.0,0.0,312450.0,4155030.0,0.0,20.0,495580.0,7480.0,3494460.0,18620.0,15900.0
70386,2013,0.0,0.0,0.0,0.0,0.0,0.0,0.0,0.0,0.0,0.0,0.0,0.0,5060.0,0.0,0.0,63700.0,360.0,1780.0,0.0,243950.0,0.0,111980.0,138150.0,0.0,249410.0,0.0,0.0,173880.0,3682150.0,0.0,0.0,493750.0,5200.0,3630770.0,1760.0,3060.0
70394,2011,10000.0,0.0,0.0,12850.0,0.0,0.0,0.0,0.0,0.0,0.0,0.0,0.0,0.0,0.0,0.0,28320.0,0.0,30240.0,0.0,97240.0,0.0,78030.0,324790.0,91220.0,796020.0,0.0,0.0,186460.0,763630.0,0.0,0.0,229530.0,0.0,1357070.0,30310.0,0.0
70394,2012,0.0,0.0,0.0,14840.0,0.0,0.0,0.0,0.0,0.0,0.0,0.0,0.0,0.0,0.0,0.0,29030.0,0.0,32000.0,0.0,311420.0,0.0,45470.0,274210.0,87600.0,514290.0,0.0,0.0,160130.0,1136460.0,0.0,0.0,218620.0,0.0,2175820.0,63120.0,0.0
70394,2013,0.0,0.0,0.0,16630.0,0.0,0.0,0.0,0.0,0.0,0.0,0.0,0.0,0.0,0.0,0.0,35680.0,0.0,49480.0,0.0,232530.0,0.0,55850.0,394840.0,80420.0,352440.0,0.0,0.0,110070.0,1104850.0,0.0,80.0,355150.0,0.0,2351910.0,61880.0,0.0
70408,2011,0.0,0.0,0.0,0.0,0.0,0.0,0.0,0.0,0.0,0.0,0.0,0.0,0.0,0.0,0.0,0.0,0.0,0.0,0.0,0.0,0.0,0.0,0.0,1342160.0,0.0,0.0,0.0,0.0,0.0,0.0,0.0,0.0,0.0,0.0,0.0,0.0
70408,2012,0.0,0.0,0.0,0.0,0.0,0.0,0.0,0.0,0.0,0.0,0.0,0.0,0.0,0.0,0.0,0.0,0.0,0.0,0.0,0.0,0.0,0.0,0.0,1393670.0,0.0,0.0,0.0,0.0,0.0,0.0,0.0,0.0,0.0,0.0,0.0,0.0
70408,2013,0.0,0.0,0.0,0.0,0.0,0.0,0.0,0.0,0.0,0.0,0.0,0.0,0.0,0.0,0.0,32330.0,0.0,0.0,0.0,161880.0,0.0,34420.0,262710.0,0.0,17180.0,0.0,0.0,66250.0,971270.0,0.0,0.0,138810.0,0.0,2109030.0,0.0,0.0
70416,2011,400000.0,0.0,0.0,0.0,0.0,38700.0,0.0,0.0,0.0,0.0,0.0,0.0,0.0,1740.0,0.0,0.0,0.0,4440.0,2860.0,62200.0,0.0,0.0,0.0,3324770.0,43250.0,0.0,0.0,0.0,9160.0,0.0,0.0,0.0,60.0,0.0,9320.0,0.0
70416,2012,0.0,0.0,0.0,0.0,0.0,0.0,0.0,0.0,0.0,0.0,0.0,0.0,0.0,3711740.0,0.0,14510.0,0.0,0.0,16210.0,29160.0,0.0,151770.0,372210.0,0.0,16620.0,0.0,0.0,79970.0,1480020.0,0.0,90.0,113570.0,0.0,0.0,0.0,0.0
70416,2013,0.0,0.0,0.0,0.0,0.0,0.0,0.0,0.0,0.0,0.0,0.0,0.0,0.0,110140.0,0.0,30270.0,0.0,0.0,4290.0,42730.0,0.0,125010.0,514000.0,0.0,13150.0,0.0,0.0,52860.0,1433360.0,0.0,10.0,124420.0,0.0,3060870.0,0.0,0.0
70424,2011,60000.0,0.0,0.0,190.0,0.0,0.0,0.0,1620.0,0.0,0.0,0.0,0.0,0.0,17010.0,0.0,35440.0,0.0,570.0,8950.0,25460.0,0.0,67660.0,50190.0,170980.0,239460.0,0.0,0.0,151400.0,1254110.0,0.0,10.0,121100.0,0.0,2305810.0,26800.0,0.0
70424,2012,30000.0,0.0,0.0,0.0,0.0,0.0,0.0,0.0,0.0,0.0,0.0,0.0,197620.0,0.0,0.0,35790.0,0.0,36180.0,570.0,6790.0,0.0,50290.0,54450.0,207470.0,185800.0,0.0,0.0,160560.0,1968070.0,0.0,50.0,99120.0,0.0,3485320.0,27270.0,0.0
70424,2013,233960.0,0.0,0.0,0.0,0.0,0.0,0.0,0.0,0.0,0.0,0.0,0.0,0.0,23140.0,0.0,35880.0,0.0,15500.0,0.0,10750.0,0.0,51860.0,52960.0,163270.0,186840.0,0.0,0.0,107170.0,1836520.0,0.0,0.0,193060.0,0.0,3431120.0,6960.0,0.0
70459,2011,428830.0,110.0,0.0,0.0,0.0,0.0,0.0,0.0,2580.0,0.0,0.0,0.0,51890.0,3320.0,0.0,85110.0,0.0,42040.0,0.0,276070.0,0.0,121000.0,334040.0,106710.0,991690.0,0.0,0.0,432380.0,1890260.0,0.0,10.0,1009540.0,6500.0,756140.0,77900.0,0.0
70459,2012,475000.0,0.0,0.0,140.0,0.0,0.0,0.0,0.0,370.0,0.0,0.0,0.0,210370.0,266880.0,0.0,70750.0,0.0,48540.0,0.0,258300.0,0.0,117460.0,315630.0,113310.0,564040.0,0.0,0.0,335920.0,2560900.0,0.0,0.0,911710.0,1300.0,1670330.0,54300.0,0.0
70459,2013,1395200.0,0.0,0.0,1550.0,0.0,0.0,0.0,0.0,180.0,0.0,0.0,0.0,0.0,65830.0,0.0,59340.0,0.0,24190.0,43890.0,309450.0,0.0,201740.0,462170.0,107730.0,973240.0,0.0,0.0,449680.0,2392260.0,0.0,0.0,993940.0,1500.0,1735560.0,9020.0,0.0
70467,2011,0.0,0.0,0.0,0.0,0.0,1280.0,0.0,0.0,0.0,0.0,0.0,0.0,188810.0,26840.0,0.0,3620.0,320.0,42830.0,0.0,5000.0,0.0,25360.0,98170.0,0.0,147110.0,0.0,0.0,39270.0,370990.0,0.0,60.0,20920.0,0.0,1030080.0,0.0,2130.0
70467,2012,0.0,0.0,0.0,0.0,0.0,1470.0,0.0,0.0,0.0,0.0,0.0,0.0,26090.0,7560.0,0.0,4760.0,0.0,25960.0,0.0,13520.0,0.0,16180.0,96740.0,0.0,110840.0,0.0,0.0,40930.0,538810.0,0.0,0.0,23820.0,0.0,2119530.0,1190.0,0.0
70467,2013,0.0,0.0,0.0,0.0,0.0,2930.0,0.0,0.0,0.0,0.0,0.0,0.0,0.0,5310.0,0.0,4530.0,0.0,25490.0,970.0,149360.0,0.0,14570.0,115510.0,0.0,13160.0,0.0,0.0,27320.0,544610.0,0.0,0.0,44810.0,0.0,1670910.0,0.0,0.0
70475,2011,0.0,0.0,0.0,0.0,0.0,0.0,0.0,0.0,0.0,0.0,0.0,0.0,9350.0,59250.0,0.0,6810.0,0.0,0.0,0.0,49640.0,0.0,38450.0,34060.0,0.0,45310.0,0.0,0.0,86930.0,381890.0,0.0,0.0,109490.0,0.0,942540.0,50930.0,0.0
70475,2012,0.0,0.0,0.0,0.0,0.0,0.0,0.0,0.0,0.0,0.0,0.0,0.0,0.0,14000.0,0.0,8540.0,0.0,11110.0,0.0,65330.0,0.0,38450.0,48920.0,0.0,43970.0,0.0,0.0,85840.0,548580.0,0.0,0.0,89930.0,0.0,1703400.0,8150.0,0.0
70475,2013,0.0,0.0,0.0,0.0,0.0,0.0,0.0,0.0,0.0,0.0,0.0,0.0,0.0,54960.0,0.0,9760.0,0.0,2920.0,190.0,64750.0,0.0,22080.0,62420.0,0.0,36380.0,0.0,0.0,67380.0,532400.0,0.0,800.0,124240.0,0.0,1855070.0,0.0,0.0
70483,2011,170010.0,0.0,0.0,0.0,0.0,14420.0,0.0,0.0,1100.0,0.0,0.0,0.0,0.0,99570.0,0.0,85320.0,0.0,58240.0,11830.0,122380.0,0.0,337300.0,1133860.0,0.0,846270.0,0.0,0.0,333350.0,3808170.0,0.0,430.0,943950.0,416760.0,1858300.0,263610.0,0.0
70483,2012,0.0,0.0,0.0,10.0,0.0,10130.0,0.0,0.0,1030.0,0.0,0.0,0.0,10980.0,129380.0,0.0,92870.0,0.0,81650.0,12100.0,122820.0,0.0,322410.0,1354180.0,0.0,690860.0,0.0,0.0,321490.0,5928020.0,0.0,0.0,947740.0,147240.0,2335850.0,295830.0,980.0
70483,2013,0.0,0.0,0.0,0.0,0.0,14720.0,0.0,0.0,1090.0,0.0,0.0,0.0,0.0,27760.0,0.0,98400.0,0.0,45640.0,9310.0,465320.0,0.0,217440.0,1394140.0,0.0,310640.0,0.0,0.0,181020.0,5874340.0,0.0,490.0,964660.0,0.0,2847820.0,242520.0,236120.0
70491,2011,300000.0,0.0,0.0,610.0,0.0,24650.0,0.0,0.0,0.0,0.0,0.0,0.0,0.0,19150.0,0.0,26530.0,0.0,68740.0,290.0,206590.0,0.0,162480.0,489780.0,0.0,281720.0,0.0,0.0,540870.0,1069420.0,0.0,0.0,382610.0,0.0,2176030.0,15950.0,0.0
70491,2012,0.0,0.0,0.0,80.0,0.0,0.0,0.0,0.0,0.0,0.0,0.0,0.0,0.0,0.0,0.0,28750.0,0.0,0.0,0.0,131640.0,0.0,128050.0,467440.0,0.0,148990.0,0.0,0.0,391630.0,1951170.0,0.0,343250.0,404440.0,0.0,2486790.0,0.0,0.0
70491,2013,0.0,0.0,0.0,80.0,0.0,0.0,0.0,0.0,0.0,0.0,0.0,0.0,0.0,10540.0,0.0,34020.0,0.0,26760.0,1620.0,89090.0,0.0,117630.0,381570.0,0.0,145390.0,0.0,0.0,201610.0,2352850.0,0.0,10.0,415690.0,0.0,2880850.0,20630.0,0.0
70505,2011,0.0,0.0,0.0,0.0,0.0,0.0,0.0,0.0,9910.0,0.0,0.0,0.0,0.0,212030.0,0.0,11260.0,0.0,8300.0,0.0,75990.0,0.0,55470.0,1692090.0,6710.0,78960.0,0.0,0.0,89610.0,790680.0,0.0,6520.0,80540.0,0.0,892950.0,4130.0,0.0
70505,2012,0.0,0.0,0.0,0.0,0.0,290.0,0.0,0.0,0.0,0.0,0.0,0.0,1720.0,259510.0,0.0,11670.0,0.0,0.0,0.0,73230.0,0.0,56240.0,1786780.0,12500.0,74330.0,0.0,0.0,61690.0,1185080.0,0.0,0.0,81330.0,4700.0,1198550.0,4820.0,0.0
70505,2013,0.0,0.0,0.0,0.0,0.0,0.0,0.0,0.0,0.0,0.0,0.0,0.0,0.0,26750.0,0.0,12220.0,3720.0,210.0,590.0,209330.0,0.0,71390.0,2239150.0,20.0,44890.0,0.0,0.0,58010.0,952330.0,0.0,0.0,132490.0,20250.0,1558290.0,15440.0,0.0
70513,2011,0.0,0.0,0.0,0.0,0.0,3220.0,0.0,0.0,0.0,0.0,0.0,0.0,0.0,16000.0,0.0,13240.0,0.0,7030.0,8240.0,47290.0,0.0,93870.0,181800.0,70680.0,32050.0,0.0,0.0,67050.0,758050.0,0.0,0.0,67000.0,13910.0,1147500.0,21280.0,0.0
70513,2012,0.0,0.0,0.0,0.0,0.0,3890.0,0.0,0.0,0.0,0.0,0.0,0.0,0.0,15000.0,0.0,10690.0,0.0,13160.0,4010.0,50540.0,0.0,93380.0,229670.0,78580.0,23230.0,0.0,0.0,81020.0,1225520.0,0.0,0.0,60830.0,32960.0,2118790.0,26290.0,0.0
70513,2013,0.0,0.0,0.0,0.0,0.0,4370.0,0.0,2040.0,0.0,0.0,0.0,0.0,0.0,0.0,0.0,12050.0,0.0,13470.0,6690.0,185830.0,0.0,81450.0,227710.0,66990.0,21540.0,0.0,0.0,59320.0,1155980.0,0.0,50.0,75310.0,0.0,2098760.0,18370.0,0.0
70521,2011,0.0,140.0,0.0,0.0,0.0,0.0,0.0,0.0,0.0,0.0,0.0,0.0,0.0,0.0,0.0,9170.0,0.0,13180.0,0.0,3680.0,0.0,38650.0,42890.0,0.0,191800.0,0.0,0.0,108090.0,305630.0,0.0,0.0,114170.0,3040.0,1144950.0,43850.0,80.0
70521,2012,0.0,0.0,0.0,450.0,0.0,0.0,0.0,0.0,0.0,0.0,0.0,0.0,0.0,0.0,0.0,15350.0,0.0,3160.0,0.0,6590.0,0.0,41380.0,38490.0,0.0,26730.0,0.0,0.0,77670.0,449290.0,0.0,180.0,105520.0,0.0,1869630.0,0.0,0.0
70521,2013,0.0,0.0,0.0,160.0,0.0,0.0,0.0,0.0,0.0,0.0,0.0,0.0,0.0,0.0,0.0,23420.0,0.0,530.0,0.0,76380.0,0.0,29940.0,42750.0,0.0,214230.0,0.0,0.0,59380.0,424650.0,0.0,60.0,110720.0,0.0,1889620.0,19130.0,90.0
70530,2011,0.0,0.0,0.0,11880.0,0.0,0.0,0.0,0.0,0.0,0.0,0.0,0.0,0.0,307140.0,0.0,8090.0,50.0,48190.0,0.0,7000.0,0.0,18370.0,23500.0,0.0,50900.0,0.0,0.0,55810.0,386630.0,0.0,0.0,109960.0,80.0,1479740.0,6990.0,0.0
70530,2012,0.0,0.0,0.0,0.0,0.0,0.0,0.0,0.0,0.0,0.0,0.0,0.0,19440.0,86810.0,0.0,11360.0,20.0,50600.0,0.0,46660.0,0.0,16290.0,27710.0,11080.0,46860.0,0.0,0.0,56120.0,691370.0,0.0,180.0,118480.0,10120.0,2666870.0,13190.0,0.0
70530,2013,0.0,0.0,0.0,0.0,0.0,0.0,0.0,0.0,0.0,0.0,0.0,0.0,0.0,13410.0,0.0,24770.0,0.0,12790.0,0.0,55790.0,0.0,21000.0,26990.0,4460.0,41830.0,0.0,0.0,32870.0,743640.0,0.0,0.0,111690.0,0.0,2759660.0,11660.0,0.0
70548,2011,0.0,0.0,0.0,0.0,0.0,0.0,0.0,0.0,0.0,0.0,0.0,0.0,0.0,70090.0,0.0,12840.0,0.0,860.0,0.0,19260.0,0.0,20140.0,112920.0,33730.0,215380.0,0.0,0.0,75660.0,664220.0,0.0,0.0,32490.0,0.0,1600960.0,0.0,110.0
70548,2012,0.0,0.0,0.0,0.0,0.0,0.0,0.0,0.0,0.0,0.0,0.0,0.0,0.0,28010.0,0.0,14470.0,0.0,510.0,0.0,43720.0,0.0,17290.0,87450.0,36000.0,93440.0,0.0,0.0,90410.0,951250.0,0.0,0.0,50880.0,0.0,2712820.0,220.0,0.0
70548,2013,0.0,0.0,0.0,0.0,0.0,0.0,0.0,0.0,0.0,0.0,0.0,0.0,0.0,25430.0,0.0,577070.0,220.0,29140.0,0.0,90460.0,0.0,29530.0,111700.0,164310.0,42840.0,0.0,0.0,47960.0,830010.0,0.0,0.0,70210.0,0.0,2399050.0,0.0,0.0
70556,2011,2863530.0,0.0,0.0,2050.0,0.0,27070.0,0.0,0.0,1390.0,0.0,0.0,0.0,0.0,79750.0,0.0,61720.0,0.0,48810.0,3730.0,565720.0,0.0,759540.0,1521290.0,78010.0,565060.0,0.0,0.0,525830.0,4601130.0,0.0,0.0,982040.0,2780.0,2486150.0,203620.0,8400.0
70556,2012,0.0,0.0,0.0,2040.0,0.0,10200.0,0.0,0.0,0.0,0.0,0.0,0.0,0.0,89560.0,0.0,55980.0,0.0,41430.0,3240.0,730810.0,0.0,601140.0,1613060.0,20390.0,582000.0,0.0,0.0,526680.0,7214520.0,0.0,10.0,925280.0,2040.0,3206360.0,8280.0,2640.0
70556,2013,0.0,0.0,0.0,2140.0,0.0,9590.0,0.0,0.0,0.0,0.0,0.0,0.0,0.0,0.0,0.0,61660.0,0.0,16690.0,1980.0,590030.0,0.0,375990.0,1459100.0,12280.0,464930.0,0.0,0.0,569310.0,7136560.0,0.0,0.0,1147520.0,2960.0,3446480.0,14580.0,2260.0
70564,2011,0.0,0.0,0.0,0.0,0.0,0.0,0.0,0.0,0.0,0.0,0.0,0.0,0.0,0.0,0.0,0.0,0.0,28730.0,0.0,112970.0,0.0,0.0,0.0,6220800.0,144100.0,0.0,0.0,0.0,73410.0,0.0,0.0,0.0,5610.0,149070.0,347820.0,0.0
70564,2012,0.0,0.0,0.0,0.0,0.0,0.0,0.0,0.0,0.0,0.0,0.0,0.0,0.0,0.0,0.0,13230.0,0.0,21840.0,0.0,91750.0,0.0,0.0,0.0,7373080.0,118150.0,0.0,0.0,0.0,47920.0,0.0,0.0,0.0,2160.0,188520.0,165440.0,0.0
70564,2013,0.0,0.0,0.0,0.0,0.0,0.0,0.0,0.0,0.0,0.0,0.0,0.0,0.0,0.0,0.0,0.0,0.0,9590.0,0.0,45660.0,0.0,0.0,0.0,7775130.0,144810.0,0.0,0.0,0.0,55960.0,0.0,0.0,0.0,1260.0,89350.0,198050.0,0.0
70572,2011,549810.0,8230.0,0.0,0.0,0.0,0.0,0.0,0.0,0.0,0.0,0.0,0.0,0.0,96790.0,0.0,20350.0,4000.0,16710.0,4630.0,35860.0,0.0,548840.0,663090.0,0.0,266250.0,0.0,0.0,571580.0,1785300.0,0.0,0.0,530010.0,0.0,914050.0,331110.0,1440.0
70572,2012,0.0,0.0,0.0,5790.0,0.0,0.0,0.0,0.0,0.0,0.0,0.0,0.0,0.0,298160.0,0.0,20360.0,1500.0,9460.0,2120.0,353840.0,0.0,569930.0,701250.0,0.0,312300.0,0.0,0.0,511680.0,2766450.0,0.0,0.0,506680.0,0.0,1532640.0,30150.0,16960.0
70572,2013,0.0,0.0,0.0,7600.0,0.0,0.0,0.0,0.0,0.0,0.0,0.0,0.0,0.0,47890.0,0.0,14170.0,0.0,23900.0,1240.0,52460.0,0.0,413420.0,580420.0,0.0,250760.0,0.0,0.0,377850.0,2565440.0,0.0,0.0,509910.0,0.0,1694310.0,10730.0,0.0
70599,2011,0.0,0.0,0.0,0.0,0.0,0.0,0.0,0.0,0.0,0.0,0.0,0.0,11820.0,15550.0,0.0,25350.0,820.0,10160.0,0.0,1150.0,0.0,29270.0,37500.0,0.0,33090.0,0.0,0.0,95300.0,508060.0,0.0,0.0,124920.0,0.0,1512480.0,101270.0,0.0
70599,2012,0.0,0.0,0.0,0.0,0.0,0.0,0.0,0.0,0.0,0.0,0.0,0.0,0.0,90530.0,0.0,27820.0,0.0,13970.0,0.0,1280.0,0.0,30580.0,31850.0,0.0,35970.0,0.0,0.0,98950.0,754790.0,0.0,10.0,79290.0,0.0,1974500.0,74980.0,0.0
70599,2013,0.0,0.0,0.0,0.0,0.0,0.0,0.0,0.0,0.0,0.0,0.0,0.0,19170.0,8120.0,0.0,29510.0,0.0,320.0,0.0,1760.0,0.0,35270.0,50810.0,4000.0,22870.0,0.0,0.0,46390.0,752220.0,0.0,40.0,153580.0,0.0,2046480.0,80760.0,0.0
70602,2011,0.0,0.0,0.0,19810.0,0.0,31420.0,112630.0,0.0,0.0,0.0,0.0,0.0,0.0,164480.0,0.0,17130.0,3520.0,12530.0,2490.0,173020.0,0.0,147500.0,240830.0,10370.0,429410.0,0.0,0.0,237110.0,1610010.0,0.0,70.0,219100.0,0.0,2964490.0,24150.0,12340.0
70602,2012,0.0,0.0,0.0,252130.0,0.0,59450.0,59210.0,0.0,0.0,630.0,0.0,0.0,0.0,314930.0,0.0,15630.0,650.0,8430.0,60.0,191230.0,0.0,126030.0,210450.0,0.0,375480.0,0.0,0.0,253470.0,2546760.0,0.0,260.0,333250.0,0.0,4881240.0,22500.0,2030.0
70602,2013,0.0,0.0,0.0,8100.0,0.0,16360.0,4450.0,13390.0,0.0,0.0,0.0,0.0,0.0,160540.0,0.0,21390.0,0.0,20540.0,1190.0,190480.0,0.0,111560.0,266780.0,0.0,248340.0,0.0,0.0,209910.0,2431250.0,170.0,30.0,495620.0,1810.0,4460510.0,25140.0,1600.0
70629,2011,0.0,0.0,0.0,0.0,0.0,0.0,0.0,0.0,0.0,0.0,0.0,0.0,0.0,0.0,0.0,20310.0,0.0,0.0,0.0,16720.0,0.0,124150.0,149330.0,0.0,182560.0,0.0,0.0,282150.0,862970.0,0.0,30.0,159230.0,0.0,708590.0,0.0,0.0
70629,2012,1014210.0,0.0,0.0,0.0,0.0,0.0,0.0,0.0,0.0,0.0,0.0,0.0,0.0,0.0,0.0,16440.0,0.0,40990.0,150.0,336410.0,0.0,91500.0,130400.0,32370.0,470780.0,0.0,0.0,276130.0,1352590.0,0.0,10.0,177530.0,0.0,1268620.0,60030.0,330910.0
70629,2013,600000.0,0.0,0.0,0.0,0.0,0.0,0.0,0.0,0.0,0.0,0.0,0.0,0.0,0.0,0.0,14300.0,0.0,36380.0,0.0,21600.0,0.0,122870.0,176580.0,0.0,106520.0,0.0,0.0,219710.0,1142830.0,0.0,10.0,180270.0,10920.0,792850.0,52190.0,123720.0
70637,2011,0.0,0.0,0.0,0.0,0.0,0.0,0.0,0.0,0.0,0.0,0.0,0.0,224330.0,0.0,0.0,18560.0,0.0,8070.0,0.0,410210.0,0.0,25550.0,101420.0,65970.0,29020.0,0.0,0.0,117500.0,591660.0,0.0,0.0,121360.0,0.0,1054390.0,1400.0,2820.0
70637,2012,0.0,0.0,0.0,0.0,0.0,0.0,0.0,0.0,0.0,0.0,0.0,0.0,106090.0,0.0,0.0,20360.0,0.0,50250.0,0.0,106950.0,0.0,25700.0,46860.0,79270.0,31370.0,0.0,0.0,117740.0,894250.0,0.0,110.0,139590.0,0.0,1654860.0,4640.0,2190.0
70637,2013,0.0,0.0,0.0,0.0,0.0,0.0,0.0,46120.0,0.0,0.0,0.0,0.0,0.0,12150.0,0.0,20370.0,0.0,11370.0,0.0,116700.0,0.0,38930.0,88540.0,80770.0,25220.0,0.0,0.0,79350.0,860490.0,0.0,20.0,223620.0,0.0,1797790.0,2110.0,2170.0
70645,2011,3620000.0,0.0,0.0,55480.0,0.0,18810.0,940.0,0.0,900.0,1715700.0,0.0,0.0,7330.0,52560.0,0.0,170270.0,5380.0,211470.0,8870.0,435970.0,0.0,937000.0,5144610.0,0.0,6025380.0,0.0,0.0,1303360.0,17473380.0,0.0,21460.0,3517820.0,0.0,8276080.0,4520.0,270.0
70645,2012,4230000.0,0.0,0.0,3050.0,0.0,15900.0,600.0,0.0,0.0,304070.0,0.0,0.0,190100.0,12080.0,0.0,186450.0,0.0,346780.0,8260.0,462850.0,0.0,953480.0,5201630.0,0.0,6121080.0,0.0,0.0,1441490.0,27096140.0,0.0,50.0,3380440.0,0.0,8107320.0,13000.0,460.0
70645,2013,2400000.0,0.0,0.0,3340.0,0.0,12250.0,460.0,0.0,0.0,151870.0,0.0,0.0,90510.0,13920.0,0.0,220740.0,3610.0,375880.0,28580.0,380890.0,0.0,1264030.0,8917760.0,0.0,4106270.0,0.0,0.0,1043650.0,27636440.0,0.0,60.0,4805340.0,0.0,8150110.0,15980.0,68180.0
70653,2011,1600000.0,0.0,0.0,160640.0,0.0,0.0,0.0,0.0,477750.0,0.0,0.0,0.0,0.0,0.0,0.0,177740.0,0.0,18370.0,2710.0,79350.0,0.0,526950.0,1275390.0,0.0,567840.0,0.0,0.0,701160.0,10060130.0,0.0,60.0,1739850.0,0.0,21815890.0,20000.0,0.0
70653,2012,0.0,0.0,0.0,184350.0,0.0,0.0,0.0,0.0,22350.0,0.0,0.0,0.0,0.0,0.0,0.0,158670.0,210.0,25090.0,8380.0,166080.0,0.0,601320.0,1344310.0,0.0,555120.0,0.0,0.0,748330.0,15786090.0,0.0,130.0,1831130.0,0.0,9183110.0,3000.0,0.0
70653,2013,0.0,0.0,0.0,161050.0,0.0,96910.0,0.0,22460.0,120.0,0.0,0.0,0.0,0.0,0.0,0.0,166170.0,2150.0,85160.0,26830.0,282330.0,0.0,550380.0,1437120.0,31010.0,2866850.0,0.0,0.0,610550.0,14682560.0,0.0,80.0,2282440.0,19480.0,7776420.0,710890.0,0.0
70661,2011,305430.0,0.0,0.0,8040.0,0.0,0.0,0.0,0.0,0.0,0.0,0.0,0.0,0.0,4680.0,0.0,8070.0,0.0,10080.0,0.0,6830.0,0.0,43810.0,44250.0,0.0,288230.0,0.0,0.0,98370.0,598830.0,0.0,0.0,90420.0,2980.0,1601450.0,25230.0,0.0
70661,2012,440.0,0.0,0.0,0.0,0.0,0.0,0.0,290.0,0.0,0.0,0.0,0.0,0.0,0.0,0.0,6850.0,0.0,20270.0,27120.0,14270.0,0.0,37590.0,72380.0,0.0,271120.0,0.0,0.0,108700.0,909430.0,0.0,0.0,153070.0,2520.0,2666040.0,7410.0,2410.0
70661,2013,244570.0,0.0,0.0,420.0,0.0,0.0,0.0,440.0,0.0,0.0,0.0,0.0,0.0,0.0,0.0,7170.0,6140.0,15630.0,91520.0,200870.0,0.0,27120.0,91250.0,0.0,104380.0,0.0,0.0,75990.0,865920.0,0.0,0.0,148980.0,3380.0,2891630.0,8110.0,2410.0
70670,2011,737350.0,0.0,0.0,6530.0,0.0,149910.0,183480.0,0.0,0.0,0.0,0.0,0.0,37290.0,138920.0,0.0,118800.0,10.0,96890.0,6520.0,195090.0,0.0,555790.0,1604980.0,0.0,1987490.0,0.0,0.0,805000.0,9086910.0,0.0,60.0,2105540.0,24470.0,4739370.0,66980.0,6120.0
70670,2012,0.0,0.0,0.0,400.0,0.0,103640.0,329250.0,0.0,0.0,0.0,0.0,0.0,37820.0,28540.0,0.0,123180.0,0.0,99830.0,0.0,286570.0,0.0,543180.0,1431070.0,0.0,2223270.0,0.0,0.0,822400.0,14413370.0,0.0,80.0,2293890.0,34610.0,5560730.0,104830.0,3020.0
70670,2013,0.0,0.0,0.0,410.0,0.0,245540.0,173520.0,0.0,0.0,0.0,0.0,0.0,41920.0,0.0,0.0,143130.0,3950.0,124650.0,0.0,192440.0,0.0,418790.0,1322320.0,0.0,2049330.0,0.0,0.0,526330.0,13418530.0,0.0,0.0,2152580.0,32120.0,5797060.0,131210.0,2940.0
70688,2011,0.0,0.0,0.0,0.0,0.0,0.0,0.0,0.0,0.0,0.0,0.0,0.0,1780.0,0.0,0.0,20740.0,0.0,23280.0,590.0,6600.0,0.0,107110.0,57820.0,229910.0,106710.0,0.0,0.0,133000.0,1255240.0,0.0,0.0,107010.0,0.0,1682050.0,0.0,0.0
70688,2012,0.0,0.0,0.0,16470.0,0.0,0.0,0.0,0.0,0.0,0.0,0.0,0.0,0.0,0.0,0.0,26420.0,0.0,130.0,4400.0,11380.0,0.0,0.0,495410.0,0.0,37460.0,0.0,0.0,245220.0,2077380.0,0.0,0.0,162300.0,0.0,3167100.0,0.0,0.0
70688,2013,0.0,0.0,0.0,0.0,0.0,0.0,0.0,0.0,0.0,0.0,0.0,0.0,0.0,18230.0,0.0,21530.0,0.0,110.0,1000.0,56570.0,0.0,107490.0,411420.0,0.0,41520.0,0.0,0.0,106480.0,2207690.0,0.0,10.0,212790.0,0.0,3351810.0,0.0,0.0
70696,2011,0.0,0.0,0.0,860.0,0.0,0.0,0.0,0.0,0.0,0.0,0.0,0.0,0.0,0.0,0.0,22290.0,150.0,24910.0,0.0,126480.0,0.0,68540.0,88150.0,0.0,76850.0,0.0,0.0,224710.0,694310.0,0.0,80.0,153620.0,600.0,1633290.0,23430.0,0.0
70696,2012,0.0,0.0,0.0,280.0,0.0,0.0,0.0,0.0,0.0,0.0,0.0,0.0,0.0,0.0,0.0,28620.0,0.0,24850.0,2190.0,113120.0,0.0,52270.0,67960.0,0.0,69190.0,0.0,0.0,209370.0,1106990.0,0.0,0.0,151780.0,0.0,2612170.0,30360.0,0.0
70696,2013,0.0,0.0,0.0,2590.0,0.0,0.0,0.0,0.0,0.0,0.0,0.0,0.0,0.0,0.0,0.0,39430.0,0.0,11810.0,2250.0,156860.0,0.0,38540.0,132650.0,0.0,48800.0,0.0,0.0,163190.0,1069270.0,0.0,70.0,150910.0,0.0,2725140.0,17170.0,0.0
70700,2011,0.0,0.0,0.0,30.0,0.0,6670.0,0.0,0.0,0.0,0.0,0.0,0.0,0.0,26770.0,0.0,32450.0,7620.0,22810.0,0.0,11810.0,0.0,79130.0,2491300.0,0.0,115740.0,0.0,0.0,1352060.0,2229930.0,3440.0,10.0,198820.0,0.0,505880.0,1887720.0,730.0
70700,2012,0.0,0.0,0.0,30.0,0.0,5660.0,0.0,0.0,0.0,0.0,0.0,0.0,0.0,0.0,0.0,35690.0,0.0,23830.0,0.0,19060.0,0.0,63580.0,1721980.0,0.0,117270.0,0.0,0.0,446390.0,3692920.0,0.0,0.0,260380.0,0.0,632440.0,427290.0,1010.0
70700,2013,0.0,0.0,0.0,0.0,0.0,4250.0,0.0,0.0,0.0,0.0,0.0,0.0,0.0,3480.0,0.0,43360.0,0.0,23570.0,0.0,71330.0,0.0,95420.0,2098090.0,0.0,111530.0,0.0,0.0,1327260.0,3438370.0,0.0,0.0,268450.0,0.0,681260.0,11770.0,5610.0
70718,2011,0.0,0.0,0.0,0.0,0.0,0.0,0.0,0.0,0.0,0.0,0.0,0.0,1853530.0,0.0,0.0,16350.0,0.0,0.0,0.0,13760.0,0.0,24990.0,80570.0,0.0,22380.0,0.0,0.0,80650.0,689880.0,0.0,0.0,53140.0,0.0,0.0,0.0,0.0
70718,2012,0.0,0.0,0.0,0.0,0.0,0.0,0.0,0.0,0.0,0.0,0.0,0.0,0.0,0.0,0.0,17950.0,0.0,0.0,0.0,108930.0,0.0,20670.0,122440.0,0.0,11280.0,0.0,0.0,85070.0,1136980.0,0.0,0.0,87450.0,0.0,3112220.0,0.0,0.0
70718,2013,157180.0,80.0,0.0,0.0,0.0,0.0,0.0,0.0,0.0,0.0,0.0,0.0,0.0,0.0,0.0,18580.0,52570.0,0.0,0.0,15210.0,0.0,13380.0,70760.0,0.0,18360.0,0.0,0.0,42410.0,1084110.0,0.0,0.0,113010.0,0.0,3451360.0,0.0,0.0
70726,2011,2014910.0,0.0,0.0,43730.0,0.0,0.0,0.0,0.0,0.0,0.0,0.0,0.0,540300.0,383140.0,0.0,171890.0,0.0,95100.0,25930.0,174160.0,0.0,678020.0,1599590.0,573010.0,1785290.0,0.0,0.0,909620.0,8137080.0,0.0,580.0,1469880.0,5520.0,7231270.0,51330.0,1270.0
70726,2012,1838740.0,4080.0,0.0,0.0,0.0,0.0,0.0,53820.0,0.0,0.0,0.0,0.0,28640.0,697190.0,0.0,179030.0,730.0,95730.0,19620.0,164350.0,0.0,446480.0,1463260.0,555230.0,1672840.0,0.0,0.0,891030.0,12898820.0,130.0,800.0,1532440.0,6010.0,9279820.0,21490.0,2620.0
70726,2013,0.0,0.0,0.0,18950.0,0.0,0.0,0.0,3500.0,10.0,0.0,0.0,0.0,0.0,185160.0,0.0,206650.0,0.0,179130.0,20400.0,739650.0,0.0,459290.0,1924470.0,508240.0,1072680.0,0.0,0.0,521700.0,12101760.0,0.0,20.0,1863460.0,1330.0,9708860.0,73870.0,6590.0
70734,2011,0.0,0.0,0.0,43050.0,0.0,38820.0,0.0,0.0,0.0,0.0,0.0,0.0,44990.0,1210.0,0.0,118860.0,0.0,39490.0,6660.0,507140.0,0.0,161400.0,504000.0,0.0,1381600.0,0.0,0.0,640900.0,4960500.0,0.0,2420.0,1072840.0,1010.0,4433340.0,80270.0,65330.0
70734,2012,0.0,0.0,0.0,65350.0,0.0,43740.0,0.0,0.0,0.0,0.0,0.0,0.0,12600.0,0.0,0.0,119560.0,520.0,157050.0,19350.0,670850.0,0.0,169990.0,578710.0,0.0,1154020.0,0.0,0.0,590860.0,7267360.0,0.0,60.0,1028500.0,1000.0,5947120.0,49790.0,76970.0
70734,2013,0.0,0.0,0.0,172500.0,0.0,41460.0,0.0,0.0,0.0,0.0,0.0,0.0,0.0,0.0,0.0,122050.0,0.0,79170.0,4880.0,546690.0,0.0,219930.0,479040.0,0.0,1633370.0,0.0,0.0,462270.0,6756560.0,0.0,2460.0,1178460.0,240.0,7662640.0,118800.0,120810.0
70742,2011,400000.0,0.0,0.0,0.0,0.0,0.0,0.0,0.0,0.0,0.0,0.0,0.0,0.0,77830.0,0.0,27160.0,0.0,380.0,18940.0,238360.0,0.0,103690.0,371450.0,46310.0,713240.0,0.0,0.0,185820.0,1149090.0,0.0,0.0,185140.0,26890.0,1356760.0,29290.0,0.0
70742,2012,0.0,0.0,0.0,0.0,0.0,0.0,0.0,0.0,0.0,0.0,0.0,0.0,0.0,0.0,84560.0,29470.0,0.0,7700.0,1140.0,320030.0,0.0,0.0,369000.0,98090.0,762780.0,0.0,0.0,148770.0,1985080.0,0.0,730.0,198720.0,22580.0,1686730.0,26540.0,0.0
70742,2013,0.0,0.0,0.0,0.0,0.0,0.0,0.0,0.0,0.0,0.0,0.0,0.0,0.0,3290.0,0.0,36580.0,0.0,16600.0,103220.0,456500.0,0.0,81500.0,402090.0,103180.0,191070.0,0.0,0.0,110670.0,1877980.0,0.0,50.0,439440.0,0.0,1697040.0,30760.0,0.0
70769,2011,0.0,7210.0,0.0,0.0,0.0,0.0,0.0,0.0,0.0,0.0,0.0,0.0,0.0,15400.0,0.0,41630.0,0.0,16890.0,0.0,20280.0,0.0,32400.0,53450.0,0.0,134580.0,0.0,0.0,117160.0,829180.0,0.0,0.0,153480.0,0.0,926110.0,4110.0,0.0
70769,2012,0.0,0.0,0.0,10600.0,0.0,0.0,0.0,0.0,0.0,0.0,0.0,0.0,0.0,0.0,0.0,38490.0,0.0,6400.0,0.0,14400.0,0.0,29710.0,69970.0,0.0,104810.0,0.0,0.0,115650.0,1179050.0,0.0,0.0,234110.0,0.0,1383040.0,890.0,0.0
70769,2013,0.0,0.0,0.0,3450.0,0.0,0.0,0.0,0.0,0.0,0.0,0.0,0.0,0.0,2700.0,0.0,50430.0,0.0,370.0,4590.0,24200.0,0.0,49950.0,75810.0,0.0,107630.0,0.0,0.0,94040.0,1118580.0,0.0,0.0,225440.0,0.0,1446350.0,1980.0,0.0
70777,2011,0.0,0.0,0.0,0.0,0.0,0.0,0.0,0.0,0.0,0.0,0.0,0.0,0.0,6180.0,0.0,17830.0,0.0,4200.0,0.0,144750.0,0.0,35570.0,162560.0,39070.0,567740.0,0.0,0.0,106790.0,782150.0,0.0,0.0,96580.0,188470.0,979540.0,0.0,0.0
70777,2012,0.0,0.0,0.0,0.0,0.0,0.0,0.0,9280.0,0.0,0.0,0.0,0.0,0.0,0.0,0.0,16640.0,0.0,4090.0,0.0,114020.0,0.0,55050.0,247180.0,295730.0,700420.0,0.0,0.0,106090.0,1241690.0,0.0,0.0,140350.0,511520.0,2530920.0,0.0,0.0
70777,2013,0.0,0.0,0.0,0.0,0.0,0.0,0.0,0.0,0.0,0.0,0.0,0.0,9050.0,0.0,0.0,18000.0,0.0,11370.0,2310.0,966050.0,0.0,51230.0,283170.0,45590.0,95540.0,0.0,0.0,66830.0,1198030.0,0.0,0.0,138290.0,60920.0,2074790.0,0.0,0.0
70785,2011,0.0,0.0,0.0,0.0,0.0,350.0,0.0,0.0,0.0,0.0,0.0,0.0,62020.0,36260.0,0.0,18600.0,0.0,43330.0,4380.0,83580.0,0.0,582480.0,821420.0,0.0,132890.0,0.0,0.0,508110.0,1580070.0,0.0,280.0,185150.0,0.0,1955980.0,20550.0,0.0
70785,2012,0.0,0.0,0.0,0.0,0.0,270.0,0.0,0.0,0.0,0.0,0.0,0.0,0.0,52950.0,0.0,17110.0,0.0,10980.0,4620.0,103690.0,0.0,676360.0,391110.0,0.0,143580.0,0.0,0.0,372560.0,2645170.0,0.0,0.0,226000.0,0.0,2500080.0,9770.0,0.0
70785,2013,0.0,0.0,0.0,0.0,0.0,240.0,0.0,0.0,0.0,0.0,0.0,0.0,0.0,200970.0,0.0,15800.0,0.0,22640.0,7880.0,93850.0,0.0,329280.0,597490.0,3930.0,205860.0,0.0,0.0,158560.0,2480660.0,0.0,0.0,212180.0,0.0,2858000.0,700.0,0.0
70793,2011,0.0,171260.0,0.0,0.0,0.0,0.0,0.0,0.0,0.0,0.0,0.0,0.0,0.0,0.0,0.0,24290.0,0.0,8420.0,0.0,42410.0,0.0,183070.0,979530.0,0.0,71060.0,0.0,0.0,116690.0,605400.0,0.0,0.0,108520.0,0.0,823470.0,0.0,0.0
70793,2012,0.0,0.0,0.0,162010.0,0.0,0.0,0.0,0.0,0.0,0.0,0.0,0.0,0.0,0.0,0.0,17370.0,0.0,8880.0,0.0,59480.0,0.0,160630.0,829190.0,0.0,92170.0,0.0,0.0,107950.0,1052720.0,0.0,0.0,136630.0,0.0,1568430.0,0.0,2090.0
70793,2013,0.0,0.0,0.0,140240.0,0.0,0.0,0.0,0.0,0.0,0.0,0.0,0.0,2040.0,0.0,0.0,17260.0,100.0,11550.0,0.0,76830.0,0.0,84040.0,1014770.0,0.0,88770.0,0.0,0.0,113910.0,1007060.0,0.0,0.0,142080.0,0.0,1625070.0,0.0,940.0
70807,2011,0.0,0.0,0.0,1590.0,0.0,0.0,0.0,0.0,0.0,0.0,0.0,0.0,0.0,2660.0,0.0,16070.0,0.0,5940.0,0.0,6590.0,0.0,23730.0,19620.0,0.0,73690.0,0.0,0.0,104140.0,325510.0,0.0,0.0,149700.0,0.0,1289410.0,6220.0,0.0
70807,2012,0.0,0.0,0.0,1170.0,0.0,0.0,0.0,0.0,0.0,0.0,0.0,0.0,0.0,1270.0,0.0,20060.0,0.0,3330.0,0.0,9810.0,0.0,16340.0,26270.0,0.0,70220.0,0.0,0.0,102240.0,479830.0,0.0,0.0,125730.0,0.0,2215840.0,4920.0,0.0
70807,2013,0.0,0.0,0.0,360.0,0.0,0.0,0.0,0.0,0.0,0.0,0.0,0.0,0.0,0.0,0.0,28360.0,0.0,13540.0,0.0,8950.0,0.0,14940.0,40960.0,0.0,74910.0,0.0,0.0,60450.0,468460.0,0.0,0.0,149900.0,0.0,2283530.0,4560.0,0.0
70815,2011,200000.0,0.0,0.0,0.0,0.0,0.0,0.0,0.0,0.0,0.0,0.0,0.0,0.0,0.0,0.0,19870.0,2570.0,0.0,890.0,63810.0,0.0,33460.0,109740.0,0.0,57990.0,0.0,0.0,66920.0,431890.0,0.0,0.0,51710.0,0.0,1367570.0,0.0,0.0
70815,2012,0.0,0.0,0.0,0.0,0.0,0.0,0.0,0.0,0.0,1310.0,0.0,0.0,0.0,200160.0,0.0,19670.0,0.0,9040.0,1040.0,18090.0,0.0,20040.0,116160.0,84960.0,158990.0,0.0,0.0,59580.0,744960.0,0.0,0.0,51520.0,0.0,2425370.0,100.0,3520.0
70815,2013,394510.0,0.0,0.0,274740.0,0.0,0.0,0.0,0.0,0.0,0.0,0.0,0.0,0.0,880.0,0.0,19430.0,0.0,25570.0,270.0,12630.0,0.0,18040.0,114090.0,91570.0,118540.0,0.0,0.0,43580.0,648020.0,0.0,10.0,51220.0,0.0,2558320.0,1500.0,0.0
70823,2011,50000.0,0.0,0.0,0.0,0.0,0.0,0.0,0.0,0.0,0.0,0.0,0.0,0.0,0.0,0.0,9890.0,0.0,140.0,0.0,34850.0,0.0,34020.0,122090.0,0.0,20210.0,0.0,0.0,60200.0,531240.0,0.0,0.0,65480.0,77080.0,1266590.0,0.0,0.0
70823,2012,0.0,0.0,0.0,0.0,0.0,0.0,0.0,0.0,0.0,0.0,0.0,0.0,0.0,0.0,0.0,10720.0,0.0,1250.0,0.0,36660.0,0.0,17020.0,116150.0,0.0,17030.0,0.0,0.0,57940.0,867710.0,0.0,0.0,64910.0,54970.0,2087010.0,0.0,0.0
70823,2013,0.0,0.0,0.0,0.0,0.0,0.0,0.0,0.0,0.0,0.0,0.0,0.0,0.0,19800.0,0.0,10810.0,0.0,13980.0,1000.0,40710.0,0.0,21030.0,106740.0,0.0,61660.0,0.0,0.0,46630.0,841990.0,0.0,10.0,83880.0,141640.0,1897840.0,1600.0,0.0
70831,2011,41500.0,0.0,0.0,7100.0,0.0,5130.0,0.0,0.0,0.0,0.0,0.0,0.0,0.0,0.0,0.0,16680.0,0.0,31630.0,3190.0,14620.0,0.0,34880.0,16050.0,61630.0,133870.0,0.0,0.0,95860.0,672820.0,0.0,0.0,221070.0,0.0,958400.0,200.0,0.0
70831,2012,40000.0,0.0,0.0,7810.0,0.0,9860.0,0.0,0.0,70.0,0.0,0.0,0.0,0.0,5690.0,0.0,18170.0,1150.0,27450.0,0.0,29260.0,0.0,28110.0,23150.0,62870.0,136700.0,0.0,0.0,108920.0,1011690.0,0.0,20.0,312030.0,0.0,1791510.0,190.0,21400.0
70831,2013,133000.0,0.0,0.0,6690.0,0.0,0.0,0.0,0.0,0.0,0.0,0.0,0.0,66140.0,0.0,0.0,22610.0,100.0,31800.0,990.0,27530.0,0.0,34450.0,22930.0,0.0,148780.0,0.0,0.0,104680.0,944610.0,0.0,0.0,257540.0,0.0,1746940.0,43990.0,0.0
70840,2011,0.0,0.0,0.0,3510.0,0.0,60.0,0.0,0.0,0.0,0.0,0.0,0.0,0.0,63670.0,0.0,32140.0,400.0,50020.0,1890.0,30910.0,0.0,766630.0,492150.0,1350.0,662840.0,0.0,0.0,866320.0,2431620.0,0.0,4850.0,714300.0,34380.0,2552640.0,127110.0,18440.0
70840,2012,0.0,0.0,0.0,3680.0,0.0,26280.0,0.0,0.0,0.0,0.0,0.0,0.0,0.0,57640.0,0.0,31460.0,50.0,33570.0,0.0,54940.0,0.0,819700.0,385300.0,0.0,652100.0,0.0,0.0,591250.0,3167050.0,0.0,0.0,1560430.0,38110.0,2879050.0,70180.0,23450.0
70840,2013,442970.0,0.0,0.0,3550.0,0.0,26440.0,0.0,0.0,0.0,0.0,0.0,0.0,155330.0,63140.0,0.0,33780.0,0.0,30540.0,0.0,49230.0,0.0,700570.0,444480.0,0.0,575540.0,0.0,0.0,563870.0,3262290.0,0.0,1740.0,1429610.0,37380.0,3246060.0,134800.0,21420.0
70866,2011,0.0,0.0,0.0,0.0,0.0,0.0,0.0,0.0,0.0,0.0,0.0,0.0,0.0,234220.0,0.0,45870.0,0.0,28690.0,0.0,65600.0,0.0,230450.0,747970.0,34930.0,70180.0,0.0,0.0,96310.0,984530.0,0.0,3750.0,253500.0,0.0,1142060.0,6850.0,0.0
70866,2012,0.0,0.0,0.0,0.0,0.0,0.0,0.0,0.0,0.0,0.0,0.0,0.0,0.0,177250.0,0.0,38510.0,0.0,91640.0,0.0,70190.0,0.0,199220.0,614890.0,50580.0,76060.0,0.0,0.0,106560.0,1549510.0,0.0,4170.0,415680.0,0.0,2415970.0,7910.0,350.0
70866,2013,0.0,0.0,0.0,1830.0,0.0,0.0,0.0,0.0,2100.0,0.0,0.0,0.0,29880.0,120930.0,0.0,43950.0,0.0,6910.0,19050.0,40400.0,0.0,254600.0,990910.0,36000.0,247790.0,0.0,0.0,73430.0,1408290.0,0.0,2270.0,382240.0,0.0,2135570.0,20340.0,83830.0
70874,2011,2004960.0,0.0,0.0,53650.0,0.0,0.0,0.0,510740.0,0.0,0.0,0.0,0.0,530.0,46170.0,0.0,107160.0,470.0,258080.0,0.0,103090.0,3710.0,440810.0,644300.0,12310400.0,1284660.0,0.0,0.0,665990.0,4717770.0,0.0,80.0,1106520.0,17450.0,4236080.0,180360.0,0.0
70874,2012,970600.0,30400.0,0.0,0.0,0.0,0.0,0.0,825570.0,0.0,0.0,0.0,0.0,5250.0,77910.0,0.0,102560.0,28070.0,75890.0,910.0,57080.0,0.0,417910.0,886910.0,978830.0,1363320.0,0.0,0.0,709160.0,7271650.0,0.0,70.0,1276940.0,0.0,5686060.0,108980.0,0.0
70874,2013,0.0,0.0,0.0,0.0,0.0,0.0,0.0,193960.0,690.0,0.0,0.0,0.0,431940.0,310080.0,0.0,121170.0,0.0,240010.0,0.0,147820.0,0.0,334720.0,1213510.0,1168620.0,1031040.0,0.0,0.0,403720.0,6716170.0,0.0,120.0,1456510.0,650.0,5725310.0,9660.0,0.0
70882,2011,0.0,0.0,0.0,90.0,0.0,0.0,0.0,0.0,0.0,0.0,0.0,0.0,0.0,0.0,0.0,19760.0,0.0,88300.0,860.0,17160.0,0.0,42320.0,10490.0,0.0,81910.0,0.0,0.0,73570.0,459380.0,0.0,0.0,90660.0,0.0,1331320.0,22190.0,100.0
70882,2012,0.0,0.0,0.0,0.0,0.0,0.0,0.0,0.0,0.0,0.0,0.0,0.0,0.0,0.0,0.0,18240.0,0.0,29100.0,1740.0,1200.0,0.0,32280.0,12150.0,0.0,88460.0,0.0,0.0,62230.0,763180.0,0.0,10.0,118690.0,0.0,2029190.0,17620.0,1720.0
70882,2013,0.0,0.0,0.0,0.0,0.0,0.0,0.0,0.0,0.0,0.0,0.0,0.0,0.0,0.0,0.0,19570.0,0.0,20630.0,2480.0,1660.0,0.0,28810.0,9940.0,0.0,93970.0,0.0,0.0,51550.0,693470.0,0.0,0.0,101450.0,0.0,2098670.0,17280.0,110.0
70904,2011,0.0,0.0,0.0,3420.0,0.0,1100.0,0.0,0.0,0.0,0.0,0.0,0.0,0.0,174530.0,0.0,58900.0,510.0,42120.0,59340.0,52620.0,0.0,388530.0,977820.0,142570.0,830640.0,0.0,0.0,930030.0,3457230.0,10490.0,230.0,969450.0,48100.0,2259410.0,23030.0,21670.0
70904,2012,214460.0,0.0,0.0,4250.0,0.0,5810.0,0.0,6510.0,0.0,0.0,0.0,0.0,0.0,267590.0,0.0,69820.0,350.0,43080.0,14480.0,42730.0,0.0,340790.0,852050.0,191170.0,687330.0,0.0,0.0,875480.0,5932890.0,6370.0,0.0,1034270.0,0.0,3141990.0,6500.0,23360.0
70904,2013,230330.0,0.0,0.0,4030.0,0.0,12630.0,0.0,120.0,0.0,0.0,0.0,0.0,0.0,3870.0,0.0,68170.0,0.0,54130.0,3240.0,21680.0,0.0,334630.0,1639780.0,0.0,741250.0,0.0,0.0,653080.0,5086550.0,0.0,180.0,1275330.0,0.0,3384120.0,13300.0,20270.0
70912,2011,1165850.0,0.0,0.0,0.0,0.0,0.0,0.0,0.0,0.0,0.0,0.0,0.0,0.0,0.0,0.0,43480.0,0.0,0.0,0.0,314250.0,0.0,130480.0,138720.0,0.0,189060.0,0.0,0.0,276080.0,1308630.0,0.0,50.0,401110.0,0.0,2410420.0,92600.0,0.0
70912,2012,31110.0,0.0,0.0,0.0,0.0,0.0,0.0,0.0,0.0,0.0,0.0,0.0,0.0,0.0,0.0,68370.0,0.0,0.0,0.0,174830.0,0.0,122010.0,151060.0,0.0,491690.0,0.0,0.0,307670.0,1849460.0,0.0,40.0,403370.0,0.0,3948020.0,0.0,0.0
70912,2013,0.0,0.0,0.0,0.0,0.0,0.0,0.0,0.0,0.0,0.0,0.0,0.0,0.0,0.0,0.0,60440.0,16250.0,33330.0,0.0,320880.0,0.0,96530.0,108460.0,0.0,271890.0,0.0,0.0,212120.0,1727340.0,0.0,0.0,439840.0,3890.0,4323950.0,23000.0,0.0
70939,2011,0.0,5150.0,0.0,0.0,0.0,13090.0,0.0,32030.0,0.0,0.0,0.0,0.0,0.0,679030.0,0.0,53130.0,610.0,42850.0,9500.0,51740.0,0.0,248450.0,460160.0,0.0,801800.0,0.0,0.0,280230.0,5349520.0,0.0,0.0,1006560.0,0.0,2826830.0,91560.0,1080.0
70939,2012,0.0,0.0,0.0,4630.0,0.0,48900.0,0.0,299510.0,0.0,0.0,0.0,0.0,0.0,334940.0,0.0,60120.0,8240.0,40780.0,22030.0,87060.0,0.0,211290.0,270130.0,0.0,742420.0,0.0,0.0,318690.0,7808270.0,0.0,60.0,1271210.0,0.0,3721190.0,61500.0,620.0
70939,2013,0.0,0.0,0.0,4650.0,0.0,39690.0,0.0,190580.0,0.0,0.0,0.0,0.0,0.0,522760.0,0.0,78790.0,2000.0,34700.0,19050.0,66550.0,0.0,159710.0,412280.0,0.0,970840.0,0.0,0.0,232710.0,8116420.0,0.0,200.0,1319390.0,0.0,3621230.0,45540.0,125690.0
70955,2011,0.0,0.0,0.0,6390.0,0.0,0.0,0.0,0.0,760.0,0.0,0.0,0.0,0.0,25500.0,0.0,64630.0,1430.0,12360.0,190.0,116570.0,0.0,139940.0,128210.0,0.0,492230.0,0.0,0.0,207990.0,2237860.0,0.0,1710.0,305400.0,0.0,1420480.0,2100.0,40390.0
70955,2012,0.0,0.0,0.0,0.0,0.0,0.0,0.0,0.0,750.0,0.0,0.0,0.0,0.0,0.0,0.0,57300.0,4000.0,18310.0,300.0,167400.0,0.0,132170.0,68000.0,0.0,449480.0,0.0,0.0,198350.0,3484950.0,0.0,1460.0,345330.0,0.0,2371610.0,50.0,19020.0
70955,2013,0.0,0.0,0.0,2680.0,0.0,0.0,0.0,0.0,14190.0,0.0,0.0,0.0,0.0,4480.0,0.0,53260.0,0.0,11080.0,1020.0,151360.0,0.0,188140.0,129810.0,0.0,417860.0,0.0,0.0,90480.0,3410930.0,0.0,1540.0,385510.0,0.0,2257950.0,0.0,0.0
70963,2011,0.0,0.0,0.0,0.0,0.0,0.0,0.0,0.0,0.0,0.0,0.0,0.0,0.0,0.0,0.0,23180.0,0.0,0.0,0.0,2480.0,0.0,151430.0,83710.0,29750.0,131720.0,0.0,0.0,244480.0,897730.0,0.0,10.0,208430.0,0.0,3782130.0,0.0,0.0
70963,2012,0.0,0.0,0.0,0.0,0.0,0.0,0.0,0.0,0.0,0.0,0.0,0.0,30030.0,3600.0,0.0,21310.0,0.0,0.0,0.0,247780.0,0.0,119220.0,81890.0,28530.0,291730.0,0.0,0.0,260540.0,1441440.0,0.0,100.0,223240.0,0.0,5234960.0,0.0,0.0
70963,2013,0.0,0.0,0.0,0.0,0.0,0.0,0.0,0.0,0.0,0.0,0.0,0.0,0.0,1200.0,0.0,49140.0,1690.0,2500.0,0.0,247640.0,0.0,109890.0,198620.0,34490.0,204320.0,0.0,0.0,124890.0,1401770.0,0.0,0.0,306480.0,0.0,5285200.0,0.0,0.0
70971,2011,160000.0,0.0,0.0,7080.0,0.0,0.0,0.0,0.0,0.0,0.0,0.0,0.0,32280.0,1320.0,0.0,28150.0,0.0,16250.0,0.0,29940.0,0.0,204110.0,82360.0,0.0,159820.0,0.0,0.0,127690.0,1282490.0,0.0,40.0,253220.0,170.0,1953160.0,650.0,570.0
70971,2012,0.0,0.0,0.0,8910.0,0.0,0.0,0.0,0.0,0.0,0.0,0.0,0.0,5230.0,40.0,0.0,31180.0,0.0,15310.0,0.0,36410.0,0.0,182110.0,88700.0,2000.0,155460.0,0.0,0.0,130430.0,2031210.0,0.0,0.0,255250.0,0.0,3671710.0,0.0,640.0
70971,2013,0.0,0.0,0.0,9880.0,0.0,0.0,0.0,0.0,0.0,0.0,0.0,0.0,0.0,52000.0,0.0,27240.0,0.0,35110.0,0.0,24670.0,0.0,161290.0,120560.0,0.0,174660.0,0.0,0.0,141040.0,1973340.0,0.0,70.0,295180.0,5890.0,3545360.0,0.0,750.0
70980,2011,0.0,0.0,0.0,76570.0,0.0,0.0,0.0,0.0,0.0,0.0,0.0,0.0,24710.0,24710.0,0.0,69320.0,0.0,59280.0,11520.0,232850.0,0.0,306100.0,90090.0,2101050.0,333180.0,0.0,0.0,208930.0,1968700.0,0.0,0.0,245490.0,0.0,2998390.0,25630.0,0.0
70980,2012,0.0,0.0,0.0,122200.0,0.0,0.0,0.0,0.0,0.0,0.0,0.0,0.0,0.0,9850.0,0.0,70980.0,0.0,61350.0,5000.0,242540.0,0.0,259980.0,102120.0,34440.0,203020.0,0.0,0.0,211000.0,3016930.0,0.0,0.0,325190.0,0.0,4846220.0,24300.0,0.0
70980,2013,0.0,0.0,0.0,0.0,0.0,0.0,0.0,0.0,0.0,0.0,0.0,0.0,0.0,3670.0,0.0,76370.0,0.0,36320.0,9100.0,336440.0,0.0,137090.0,93110.0,10000.0,67680.0,0.0,0.0,138750.0,3020520.0,0.0,10.0,391680.0,0.0,4728950.0,34410.0,0.0
70998,2011,0.0,0.0,0.0,0.0,0.0,162490.0,0.0,0.0,12200.0,0.0,0.0,0.0,730.0,0.0,0.0,56180.0,0.0,78600.0,4720.0,259380.0,0.0,0.0,555210.0,153120.0,270370.0,0.0,0.0,341280.0,3196760.0,234050.0,50.0,303480.0,9040.0,2309170.0,108390.0,0.0
70998,2012,0.0,0.0,0.0,2320.0,0.0,256500.0,0.0,0.0,28480.0,0.0,0.0,0.0,2930.0,3370.0,0.0,65690.0,0.0,106810.0,1730.0,254640.0,0.0,209380.0,886370.0,167240.0,273640.0,0.0,0.0,319120.0,5392200.0,0.0,9080.0,482200.0,13460.0,3357300.0,36320.0,0.0
70998,2013,0.0,0.0,0.0,270.0,0.0,229670.0,0.0,0.0,100.0,0.0,0.0,0.0,850.0,0.0,80440.0,70020.0,0.0,91990.0,7230.0,269060.0,0.0,231570.0,1075610.0,306130.0,136780.0,0.0,0.0,234430.0,5040720.0,0.0,820.0,439280.0,6020.0,3684580.0,23960.0,80.0
71005,2011,0.0,0.0,0.0,0.0,0.0,0.0,0.0,0.0,0.0,0.0,0.0,0.0,31660.0,0.0,0.0,8630.0,90.0,8250.0,0.0,37230.0,0.0,73810.0,40420.0,0.0,42520.0,0.0,0.0,50140.0,286850.0,0.0,0.0,48760.0,0.0,988550.0,1270.0,0.0
71005,2012,0.0,0.0,0.0,0.0,0.0,0.0,0.0,0.0,0.0,0.0,0.0,0.0,10500.0,0.0,0.0,6780.0,0.0,7770.0,0.0,3610.0,0.0,73090.0,44900.0,0.0,41740.0,0.0,0.0,52380.0,498800.0,0.0,10.0,53700.0,0.0,1791420.0,0.0,0.0
71005,2013,0.0,0.0,0.0,0.0,0.0,0.0,0.0,0.0,0.0,0.0,0.0,0.0,0.0,2600.0,0.0,6600.0,0.0,18720.0,0.0,2880.0,0.0,50310.0,138030.0,0.0,96550.0,0.0,0.0,51890.0,434670.0,0.0,0.0,52340.0,0.0,2013680.0,0.0,0.0
71013,2011,214070.0,0.0,0.0,0.0,0.0,0.0,0.0,0.0,0.0,0.0,0.0,0.0,80030.0,0.0,0.0,15420.0,0.0,61450.0,0.0,51000.0,0.0,96280.0,33060.0,0.0,9750.0,0.0,0.0,64220.0,537150.0,0.0,0.0,99860.0,0.0,1410890.0,0.0,0.0
71013,2012,121930.0,0.0,0.0,0.0,0.0,0.0,0.0,0.0,0.0,0.0,0.0,0.0,0.0,0.0,0.0,13660.0,0.0,54220.0,0.0,57270.0,0.0,114030.0,35430.0,0.0,8610.0,0.0,0.0,69270.0,891240.0,0.0,0.0,95880.0,0.0,2131770.0,0.0,110.0
71013,2013,0.0,0.0,0.0,0.0,0.0,0.0,0.0,0.0,0.0,0.0,0.0,0.0,0.0,0.0,0.0,19370.0,0.0,58910.0,0.0,58600.0,0.0,54690.0,52310.0,0.0,3590.0,0.0,0.0,43840.0,828190.0,0.0,0.0,111570.0,0.0,2378870.0,0.0,1070.0
71021,2011,200000.0,0.0,0.0,2200.0,0.0,300.0,0.0,0.0,0.0,0.0,0.0,0.0,0.0,4970.0,0.0,45670.0,660.0,23250.0,0.0,99250.0,0.0,208660.0,1265160.0,75500.0,705990.0,0.0,0.0,820840.0,1726180.0,0.0,0.0,1153560.0,40.0,1380080.0,128700.0,8840.0
71021,2012,0.0,0.0,0.0,2560.0,0.0,150.0,0.0,0.0,0.0,0.0,0.0,0.0,0.0,185440.0,0.0,43650.0,220.0,34010.0,0.0,93490.0,0.0,181990.0,472100.0,74700.0,1339560.0,0.0,0.0,398090.0,2742710.0,0.0,0.0,720900.0,0.0,2259250.0,68300.0,8490.0
71021,2013,0.0,0.0,0.0,0.0,0.0,7000.0,0.0,0.0,0.0,0.0,0.0,0.0,0.0,69030.0,0.0,38370.0,630.0,29220.0,0.0,304900.0,0.0,127750.0,871510.0,65360.0,1062490.0,0.0,0.0,381180.0,2693150.0,0.0,0.0,865800.0,0.0,2365150.0,16230.0,420.0
71030,2011,30000.0,37530.0,0.0,0.0,0.0,0.0,0.0,0.0,0.0,0.0,0.0,0.0,0.0,0.0,0.0,5450.0,0.0,5240.0,1250.0,290.0,0.0,14570.0,16960.0,0.0,24740.0,0.0,0.0,50720.0,352160.0,0.0,1870.0,67590.0,320.0,1289450.0,9060.0,170.0
71030,2012,30000.0,0.0,0.0,970.0,0.0,0.0,0.0,0.0,0.0,0.0,0.0,0.0,0.0,0.0,0.0,5610.0,0.0,7310.0,3620.0,3680.0,0.0,14130.0,18850.0,0.0,27310.0,0.0,0.0,61600.0,516690.0,0.0,0.0,74530.0,0.0,2059790.0,2020.0,160.0
71030,2013,0.0,0.0,0.0,950.0,0.0,0.0,0.0,0.0,0.0,0.0,0.0,0.0,0.0,0.0,0.0,5280.0,0.0,21590.0,5550.0,6590.0,0.0,20500.0,26520.0,0.0,25370.0,0.0,0.0,38810.0,513950.0,0.0,0.0,85440.0,0.0,2248010.0,7410.0,190.0
71048,2011,1121620.0,560.0,0.0,740.0,0.0,1760.0,0.0,0.0,0.0,1360.0,0.0,0.0,7630.0,0.0,0.0,71680.0,0.0,199360.0,12120.0,69660.0,0.0,156820.0,1548170.0,218440.0,2820700.0,0.0,0.0,937130.0,5402790.0,0.0,320.0,1356130.0,0.0,9255950.0,271890.0,7720.0
71048,2012,230460.0,0.0,0.0,1430.0,0.0,1870.0,0.0,0.0,0.0,0.0,0.0,0.0,0.0,0.0,0.0,97650.0,0.0,221540.0,13070.0,56890.0,0.0,116610.0,1524860.0,220320.0,4157930.0,0.0,0.0,899740.0,9602430.0,0.0,30.0,1602030.0,0.0,8576230.0,526200.0,21690.0
71048,2013,398730.0,0.0,0.0,1000.0,0.0,860.0,0.0,0.0,0.0,0.0,0.0,0.0,11680.0,0.0,0.0,88280.0,0.0,220790.0,8740.0,147560.0,0.0,365160.0,1879010.0,180590.0,1286600.0,0.0,0.0,814040.0,9204500.0,0.0,10.0,1488490.0,0.0,5584880.0,961960.0,22000.0
71056,2011,841710.0,0.0,0.0,170.0,0.0,0.0,0.0,0.0,450.0,0.0,0.0,0.0,0.0,0.0,0.0,29720.0,0.0,4020.0,2490.0,175180.0,0.0,439970.0,1332350.0,92320.0,408850.0,0.0,0.0,560230.0,1285460.0,0.0,0.0,509960.0,0.0,1998820.0,37480.0,21580.0
71056,2012,686000.0,0.0,0.0,0.0,0.0,0.0,0.0,6140.0,0.0,0.0,0.0,0.0,0.0,0.0,0.0,28430.0,50.0,15510.0,3060.0,229890.0,0.0,351980.0,1797330.0,0.0,717390.0,0.0,0.0,461970.0,2030960.0,0.0,0.0,593150.0,0.0,2358620.0,19860.0,24160.0
71056,2013,747700.0,0.0,0.0,190.0,0.0,0.0,0.0,43140.0,0.0,0.0,0.0,0.0,0.0,0.0,0.0,33720.0,22880.0,41090.0,15750.0,147360.0,0.0,275680.0,2233000.0,0.0,331540.0,0.0,0.0,1074660.0,1872910.0,0.0,0.0,628090.0,0.0,2546980.0,19080.0,17010.0
71064,2011,0.0,0.0,0.0,450.0,0.0,0.0,0.0,0.0,0.0,0.0,0.0,0.0,0.0,91270.0,0.0,11080.0,0.0,0.0,0.0,53260.0,0.0,41460.0,171910.0,0.0,60980.0,0.0,0.0,46810.0,570160.0,0.0,100.0,87090.0,0.0,1515530.0,0.0,0.0
71064,2012,0.0,0.0,0.0,530.0,0.0,0.0,0.0,0.0,0.0,0.0,0.0,0.0,0.0,85540.0,0.0,8020.0,0.0,600.0,0.0,40810.0,0.0,28700.0,155730.0,0.0,55590.0,0.0,0.0,48690.0,874710.0,0.0,390.0,54080.0,0.0,2782540.0,860.0,0.0
71064,2013,0.0,0.0,0.0,0.0,0.0,0.0,0.0,0.0,0.0,0.0,0.0,0.0,0.0,22830.0,0.0,10570.0,110.0,430.0,0.0,35000.0,0.0,40640.0,180830.0,0.0,54030.0,0.0,0.0,37290.0,821020.0,0.0,0.0,145300.0,0.0,2829150.0,590.0,0.0
71072,2011,218800.0,0.0,0.0,0.0,0.0,0.0,0.0,0.0,0.0,0.0,0.0,0.0,0.0,0.0,0.0,24710.0,0.0,290.0,0.0,2960.0,0.0,68980.0,19490.0,18630.0,102550.0,0.0,0.0,103750.0,1068570.0,0.0,4280.0,163780.0,0.0,2587520.0,410.0,0.0
71072,2012,992450.0,0.0,0.0,1870.0,0.0,0.0,0.0,0.0,0.0,0.0,0.0,0.0,0.0,134200.0,0.0,26590.0,0.0,22840.0,0.0,48120.0,360.0,61090.0,30660.0,0.0,106080.0,0.0,0.0,106000.0,1602890.0,0.0,0.0,129640.0,0.0,4724200.0,480.0,0.0
71072,2013,281070.0,0.0,0.0,2080.0,0.0,0.0,0.0,0.0,0.0,0.0,0.0,0.0,0.0,21530.0,0.0,26580.0,0.0,31530.0,20590.0,46820.0,3640.0,56720.0,16670.0,0.0,110460.0,0.0,0.0,51450.0,1649470.0,0.0,10.0,157820.0,0.0,4533220.0,320.0,0.0
71099,2011,1483390.0,0.0,0.0,1995650.0,0.0,17650.0,0.0,0.0,2770.0,0.0,0.0,0.0,0.0,8080.0,0.0,134280.0,0.0,152030.0,28180.0,244030.0,0.0,575090.0,1652720.0,362200.0,1967190.0,0.0,0.0,1140510.0,10034910.0,0.0,14880.0,1586170.0,28040.0,4156430.0,78750.0,101380.0
71099,2012,1573060.0,0.0,0.0,242680.0,0.0,16920.0,0.0,0.0,0.0,0.0,0.0,0.0,37410.0,19410.0,0.0,139880.0,0.0,152360.0,39470.0,1090440.0,640.0,476230.0,1664020.0,1325070.0,2063200.0,0.0,0.0,1297160.0,14509920.0,0.0,140.0,1589090.0,22750.0,4844190.0,125330.0,58480.0
71099,2013,0.0,0.0,0.0,296660.0,0.0,18510.0,0.0,25150.0,0.0,0.0,0.0,0.0,40010.0,133100.0,0.0,151660.0,0.0,146690.0,25340.0,147050.0,0.0,479000.0,1874480.0,331920.0,1956970.0,0.0,0.0,571990.0,12800700.0,0.0,20.0,2007270.0,9690.0,4739800.0,89160.0,0.0
71102,2011,0.0,0.0,0.0,14430.0,0.0,0.0,65030.0,0.0,121580.0,0.0,0.0,0.0,0.0,0.0,0.0,52160.0,0.0,39610.0,15420.0,94040.0,0.0,89630.0,223990.0,3300.0,948360.0,0.0,0.0,395050.0,3349740.0,0.0,230.0,482600.0,21530.0,2156210.0,150.0,360.0
71102,2012,0.0,0.0,0.0,0.0,0.0,0.0,64920.0,49150.0,20000.0,0.0,0.0,0.0,0.0,0.0,0.0,53690.0,0.0,37680.0,13020.0,9630.0,0.0,95420.0,102330.0,3770.0,629420.0,0.0,0.0,355470.0,5034860.0,0.0,0.0,536150.0,5600.0,3385070.0,23430.0,540.0
71102,2013,0.0,0.0,0.0,0.0,0.0,1570.0,81530.0,17240.0,27500.0,0.0,0.0,0.0,0.0,0.0,0.0,61050.0,0.0,74220.0,9370.0,37160.0,0.0,148520.0,114310.0,850.0,771380.0,0.0,0.0,281300.0,4373050.0,0.0,1450.0,605480.0,0.0,3426900.0,15240.0,860.0
71129,2011,0.0,0.0,0.0,2510.0,0.0,196530.0,0.0,0.0,0.0,0.0,0.0,0.0,4260.0,104480.0,0.0,10860.0,0.0,26650.0,1110.0,61910.0,0.0,120180.0,249880.0,0.0,284660.0,0.0,0.0,223570.0,831620.0,0.0,70.0,209990.0,0.0,1003930.0,3200.0,13500.0
71129,2012,0.0,0.0,0.0,550.0,0.0,278130.0,0.0,0.0,0.0,0.0,0.0,0.0,12810.0,52500.0,0.0,9300.0,0.0,13970.0,0.0,30080.0,0.0,158550.0,310540.0,0.0,420030.0,0.0,0.0,215070.0,1353510.0,0.0,0.0,272520.0,0.0,1644370.0,360.0,7140.0
71129,2013,0.0,0.0,0.0,540.0,0.0,29890.0,0.0,0.0,0.0,0.0,0.0,0.0,0.0,76400.0,0.0,18860.0,0.0,10130.0,500.0,275280.0,0.0,66520.0,319190.0,0.0,249240.0,0.0,0.0,185270.0,1398920.0,0.0,170.0,256400.0,0.0,1693910.0,780.0,12340.0
71137,2011,100740.0,0.0,0.0,0.0,0.0,0.0,0.0,0.0,0.0,0.0,0.0,0.0,1420.0,110730.0,0.0,9590.0,0.0,6280.0,0.0,89580.0,0.0,780360.0,121210.0,161810.0,158230.0,0.0,0.0,244520.0,1323710.0,0.0,50.0,215510.0,1590.0,1396270.0,17300.0,0.0
71137,2012,464730.0,0.0,0.0,0.0,0.0,0.0,0.0,0.0,70.0,0.0,0.0,0.0,1360.0,643230.0,0.0,6470.0,0.0,2390.0,500.0,370380.0,0.0,1107190.0,126320.0,3500.0,137820.0,0.0,0.0,294300.0,2053350.0,0.0,0.0,253240.0,2830.0,2692370.0,36780.0,0.0
71137,2013,0.0,0.0,0.0,0.0,0.0,0.0,0.0,0.0,860.0,0.0,0.0,0.0,0.0,134740.0,0.0,15500.0,0.0,5540.0,0.0,119190.0,0.0,952480.0,175860.0,241820.0,121920.0,0.0,0.0,284210.0,1857180.0,0.0,0.0,302500.0,0.0,2974520.0,14370.0,0.0
71145,2011,1000000.0,0.0,0.0,13710.0,0.0,6870.0,180.0,0.0,80.0,0.0,0.0,0.0,2000.0,148580.0,0.0,107890.0,0.0,68790.0,42160.0,589270.0,0.0,341080.0,847160.0,272780.0,1478080.0,0.0,0.0,633730.0,8921990.0,5350.0,0.0,1594460.0,16610.0,3541910.0,353590.0,87010.0
71145,2012,0.0,0.0,0.0,7040.0,0.0,27750.0,190.0,0.0,0.0,0.0,0.0,0.0,19350.0,249170.0,0.0,81770.0,2750.0,96320.0,47310.0,89640.0,0.0,370570.0,1139640.0,120400.0,1509310.0,0.0,0.0,694820.0,13438660.0,290.0,20.0,1696870.0,50.0,3410210.0,538030.0,172360.0
71145,2013,1460000.0,0.0,0.0,0.0,0.0,33300.0,120.0,0.0,0.0,0.0,0.0,0.0,29830.0,200680.0,0.0,78220.0,8240.0,66780.0,36150.0,1114360.0,0.0,423390.0,1185050.0,201300.0,877910.0,0.0,0.0,438450.0,12739110.0,0.0,30.0,1972090.0,54040.0,2672100.0,299010.0,82150.0
71153,2011,230000.0,0.0,0.0,0.0,0.0,7820.0,0.0,0.0,0.0,0.0,0.0,0.0,6680.0,0.0,0.0,35520.0,0.0,10690.0,0.0,160410.0,0.0,79040.0,194680.0,0.0,179080.0,0.0,0.0,222400.0,1098080.0,0.0,130.0,278890.0,0.0,1797960.0,720.0,0.0
71153,2012,0.0,0.0,0.0,0.0,0.0,4980.0,0.0,0.0,0.0,0.0,0.0,0.0,43020.0,60.0,0.0,41620.0,0.0,19180.0,0.0,95750.0,0.0,78800.0,192800.0,0.0,100750.0,0.0,0.0,165490.0,1553460.0,0.0,0.0,311340.0,0.0,1996690.0,0.0,0.0
71153,2013,0.0,0.0,0.0,0.0,0.0,5520.0,0.0,0.0,0.0,0.0,0.0,0.0,49040.0,0.0,0.0,51370.0,0.0,0.0,11390.0,54220.0,0.0,69090.0,191800.0,0.0,112710.0,0.0,0.0,121760.0,1479050.0,0.0,0.0,311270.0,0.0,2232240.0,30280.0,0.0
71161,2011,0.0,0.0,0.0,0.0,0.0,0.0,0.0,0.0,0.0,0.0,0.0,0.0,0.0,0.0,0.0,1000.0,0.0,0.0,0.0,263530.0,0.0,86710.0,12000.0,0.0,7810.0,0.0,0.0,30610.0,198550.0,0.0,0.0,10160.0,0.0,780440.0,0.0,0.0
71161,2012,0.0,0.0,0.0,0.0,0.0,0.0,0.0,0.0,0.0,0.0,0.0,0.0,0.0,0.0,0.0,920.0,0.0,0.0,0.0,36300.0,0.0,127190.0,9620.0,0.0,5580.0,0.0,0.0,31930.0,357030.0,0.0,0.0,9770.0,0.0,2035240.0,0.0,0.0
71161,2013,0.0,0.0,0.0,0.0,0.0,0.0,0.0,0.0,0.0,0.0,0.0,0.0,0.0,0.0,0.0,740.0,0.0,0.0,0.0,8120.0,0.0,87720.0,12490.0,0.0,5420.0,0.0,0.0,9950.0,359580.0,0.0,370.0,26600.0,0.0,2210290.0,0.0,0.0
71170,2011,1050000.0,0.0,0.0,1760.0,0.0,1420.0,0.0,0.0,0.0,0.0,0.0,0.0,0.0,130860.0,0.0,46180.0,0.0,363620.0,0.0,31360.0,0.0,167560.0,122350.0,0.0,670950.0,0.0,0.0,225140.0,2196740.0,0.0,90.0,378120.0,10870.0,3254880.0,15550.0,0.0
71170,2012,150000.0,0.0,0.0,1890.0,0.0,0.0,0.0,2060.0,1760.0,0.0,0.0,0.0,0.0,38740.0,0.0,52770.0,0.0,1080.0,564400.0,90680.0,0.0,155180.0,227000.0,0.0,689710.0,0.0,0.0,231200.0,3194390.0,0.0,80.0,449520.0,38100.0,4825570.0,10410.0,0.0
71170,2013,340000.0,0.0,0.0,1820.0,0.0,0.0,0.0,0.0,0.0,0.0,0.0,0.0,0.0,17990.0,0.0,58170.0,0.0,0.0,268440.0,187920.0,0.0,114580.0,276290.0,164610.0,390080.0,0.0,0.0,125730.0,3411830.0,0.0,10.0,511670.0,252720.0,4866270.0,8470.0,0.0
71188,2011,274720.0,0.0,0.0,280.0,0.0,0.0,0.0,0.0,0.0,0.0,0.0,0.0,0.0,60.0,0.0,14610.0,0.0,21760.0,1850.0,160520.0,0.0,60480.0,182000.0,238930.0,168700.0,0.0,0.0,168950.0,863630.0,0.0,0.0,147680.0,4360.0,3205340.0,1560.0,0.0
71188,2012,0.0,0.0,0.0,0.0,0.0,0.0,0.0,0.0,0.0,0.0,0.0,0.0,0.0,0.0,0.0,13500.0,0.0,33060.0,3840.0,29120.0,0.0,52700.0,191930.0,240530.0,407160.0,0.0,0.0,183110.0,1398090.0,0.0,0.0,209350.0,205150.0,4588050.0,700.0,0.0
71188,2013,0.0,0.0,0.0,320.0,0.0,0.0,0.0,0.0,0.0,0.0,0.0,0.0,0.0,0.0,0.0,29410.0,0.0,24550.0,2280.0,28960.0,0.0,75340.0,209440.0,252310.0,349560.0,0.0,0.0,135700.0,1374300.0,0.0,0.0,225350.0,25320.0,4945470.0,0.0,0.0
71196,2011,244350.0,0.0,0.0,0.0,0.0,0.0,0.0,0.0,0.0,0.0,0.0,0.0,0.0,0.0,0.0,23820.0,0.0,0.0,0.0,27670.0,0.0,64040.0,55870.0,0.0,11700.0,0.0,0.0,41670.0,456320.0,0.0,0.0,89090.0,0.0,792620.0,0.0,0.0
71196,2012,176270.0,0.0,0.0,0.0,0.0,0.0,0.0,0.0,0.0,0.0,0.0,0.0,0.0,0.0,0.0,23260.0,0.0,1110.0,0.0,29630.0,0.0,76290.0,68130.0,0.0,59590.0,0.0,0.0,50580.0,764650.0,0.0,0.0,109050.0,37630.0,1331310.0,0.0,0.0
71196,2013,100000.0,0.0,0.0,0.0,0.0,0.0,0.0,0.0,0.0,0.0,0.0,0.0,0.0,0.0,0.0,22930.0,0.0,0.0,0.0,38730.0,0.0,51720.0,80430.0,35220.0,57930.0,0.0,0.0,43600.0,741300.0,0.0,0.0,103690.0,0.0,1180890.0,1230.0,0.0
71200,2011,80000.0,0.0,0.0,27920.0,0.0,0.0,0.0,0.0,0.0,0.0,0.0,0.0,0.0,0.0,0.0,47460.0,0.0,0.0,8400.0,20670.0,0.0,240300.0,201160.0,0.0,212890.0,0.0,0.0,276250.0,1978210.0,0.0,0.0,383110.0,0.0,1238340.0,100.0,0.0
71200,2012,205370.0,0.0,0.0,23040.0,0.0,0.0,0.0,0.0,0.0,0.0,0.0,0.0,0.0,0.0,0.0,56440.0,0.0,0.0,9620.0,20500.0,0.0,264630.0,656630.0,0.0,240790.0,0.0,0.0,353730.0,3099120.0,0.0,0.0,533620.0,0.0,1836530.0,0.0,0.0
71200,2013,0.0,0.0,0.0,12610.0,0.0,0.0,0.0,0.0,0.0,0.0,0.0,0.0,0.0,12800.0,0.0,48000.0,0.0,37070.0,0.0,59670.0,0.0,210390.0,812650.0,82090.0,456500.0,0.0,0.0,221230.0,2829630.0,0.0,170.0,456460.0,0.0,2040380.0,200.0,0.0
71218,2011,0.0,0.0,0.0,520.0,0.0,8830.0,0.0,0.0,0.0,0.0,0.0,0.0,0.0,0.0,0.0,34710.0,0.0,33870.0,640.0,58360.0,0.0,77840.0,4115840.0,145980.0,245320.0,0.0,0.0,339270.0,1759630.0,0.0,20.0,295850.0,0.0,927940.0,608740.0,1000.0
71218,2012,0.0,0.0,0.0,610.0,0.0,10920.0,0.0,0.0,0.0,0.0,0.0,0.0,0.0,0.0,0.0,32650.0,0.0,54360.0,0.0,60110.0,0.0,55550.0,2988770.0,158490.0,272040.0,0.0,0.0,200100.0,2924170.0,0.0,20.0,464830.0,0.0,1553510.0,770520.0,0.0
71218,2013,0.0,0.0,0.0,590.0,0.0,23690.0,0.0,0.0,0.0,0.0,0.0,0.0,0.0,0.0,0.0,40260.0,0.0,69030.0,0.0,77420.0,0.0,57830.0,3225480.0,164760.0,397610.0,0.0,0.0,197080.0,2578430.0,0.0,100.0,401790.0,0.0,1690750.0,230300.0,0.0
71226,2011,0.0,0.0,0.0,0.0,0.0,0.0,0.0,0.0,0.0,0.0,0.0,0.0,0.0,0.0,0.0,1720.0,0.0,0.0,0.0,4460.0,0.0,23340.0,5450.0,0.0,24220.0,0.0,0.0,8700.0,116810.0,0.0,0.0,11950.0,0.0,390140.0,15610.0,0.0
71226,2012,0.0,0.0,0.0,0.0,0.0,0.0,0.0,0.0,0.0,0.0,0.0,0.0,0.0,0.0,0.0,900.0,0.0,0.0,0.0,2920.0,0.0,21410.0,9820.0,0.0,24080.0,0.0,0.0,8530.0,174490.0,0.0,0.0,21870.0,0.0,965900.0,3760.0,0.0
71226,2013,0.0,0.0,0.0,0.0,0.0,0.0,0.0,0.0,0.0,0.0,0.0,0.0,0.0,0.0,0.0,1290.0,0.0,0.0,0.0,580.0,0.0,21380.0,12430.0,5380.0,17720.0,0.0,0.0,6670.0,152300.0,0.0,0.0,31580.0,0.0,1018240.0,210.0,0.0
71234,2011,0.0,0.0,0.0,0.0,0.0,970.0,0.0,0.0,3540.0,0.0,0.0,0.0,0.0,289720.0,0.0,50030.0,4930.0,12010.0,500.0,159730.0,0.0,42950.0,241380.0,0.0,3828860.0,0.0,0.0,475120.0,1117350.0,0.0,0.0,1373540.0,0.0,700830.0,5150.0,0.0
71234,2012,1000000.0,0.0,0.0,0.0,0.0,950.0,0.0,0.0,0.0,0.0,0.0,0.0,0.0,164800.0,0.0,49460.0,0.0,17410.0,410.0,92170.0,0.0,44410.0,227550.0,0.0,3913680.0,0.0,0.0,447430.0,1749730.0,0.0,0.0,1151850.0,0.0,1063130.0,3990.0,0.0
71234,2013,0.0,0.0,0.0,0.0,0.0,670.0,0.0,0.0,0.0,0.0,0.0,0.0,44320.0,16710.0,0.0,44360.0,440.0,47480.0,8240.0,232060.0,0.0,76990.0,272830.0,0.0,6692400.0,0.0,0.0,487400.0,1702700.0,0.0,70.0,1375230.0,0.0,1151440.0,3510.0,0.0
71242,2011,372880.0,0.0,0.0,70440.0,0.0,0.0,0.0,0.0,5610.0,0.0,0.0,0.0,250.0,96950.0,0.0,253420.0,0.0,97620.0,9940.0,162570.0,0.0,808260.0,1490370.0,75100.0,3208990.0,0.0,0.0,1023020.0,10052250.0,0.0,310.0,2356840.0,0.0,4642840.0,368100.0,30020.0
71242,2012,0.0,0.0,0.0,59290.0,0.0,0.0,0.0,0.0,0.0,16340.0,0.0,0.0,1640.0,145430.0,0.0,247540.0,0.0,213290.0,28710.0,77960.0,0.0,752980.0,1747980.0,0.0,3392890.0,0.0,0.0,918730.0,14955710.0,0.0,290.0,2349050.0,0.0,4203990.0,245260.0,49820.0
71242,2013,0.0,0.0,0.0,16760.0,0.0,0.0,0.0,16020.0,2300.0,0.0,0.0,0.0,0.0,46070.0,0.0,289890.0,610.0,161800.0,159070.0,106140.0,0.0,387500.0,2665810.0,0.0,3053020.0,0.0,0.0,719680.0,15040830.0,0.0,110.0,3224760.0,0.0,4529020.0,571320.0,49920.0
71269,2011,2400000.0,7860.0,0.0,0.0,0.0,0.0,0.0,0.0,0.0,0.0,0.0,0.0,0.0,34910.0,0.0,205630.0,110.0,0.0,0.0,41130.0,0.0,549740.0,1330480.0,55570.0,3954280.0,0.0,0.0,994210.0,9845720.0,0.0,2310.0,2235680.0,0.0,3693260.0,21250.0,0.0
71269,2012,2006950.0,0.0,0.0,0.0,0.0,0.0,0.0,0.0,0.0,0.0,0.0,0.0,0.0,0.0,0.0,7410.0,0.0,19990.0,1920.0,101440.0,0.0,457160.0,1109320.0,0.0,3278910.0,0.0,0.0,1187940.0,14720250.0,0.0,0.0,2328060.0,0.0,4173920.0,29810.0,1000.0
71269,2013,1000000.0,0.0,0.0,290.0,0.0,0.0,0.0,0.0,0.0,0.0,0.0,0.0,117830.0,48750.0,0.0,264020.0,0.0,66690.0,1240.0,84710.0,0.0,584360.0,1762740.0,499640.0,2533650.0,0.0,0.0,906930.0,13794630.0,0.0,50.0,2586880.0,0.0,4356300.0,37790.0,330.0
71277,2011,0.0,0.0,0.0,0.0,0.0,0.0,0.0,0.0,0.0,0.0,0.0,0.0,0.0,0.0,0.0,4960.0,0.0,3000.0,0.0,124300.0,0.0,24450.0,342370.0,0.0,8270.0,0.0,0.0,100540.0,511560.0,0.0,0.0,227990.0,0.0,341180.0,14320.0,0.0
71277,2012,0.0,0.0,0.0,0.0,0.0,0.0,0.0,0.0,0.0,0.0,0.0,0.0,0.0,0.0,0.0,2480.0,0.0,1880.0,0.0,106170.0,0.0,65590.0,332700.0,0.0,6520.0,0.0,0.0,89220.0,798430.0,0.0,0.0,200560.0,0.0,514740.0,0.0,0.0
71277,2013,0.0,0.0,0.0,0.0,0.0,0.0,0.0,0.0,0.0,0.0,0.0,0.0,0.0,0.0,0.0,3350.0,0.0,6390.0,0.0,119670.0,0.0,57530.0,494620.0,0.0,7730.0,0.0,0.0,78350.0,778710.0,0.0,0.0,189020.0,0.0,521950.0,0.0,0.0
79014,2011,32872960.0,113322290.0,0.0,1026810.0,0.0,650350.0,570640.0,0.0,82520.0,0.0,0.0,437410.0,143680.0,2306900.0,0.0,2858620.0,14420.0,3657790.0,693700.0,38656700.0,0.0,21461450.0,96670470.0,496410.0,135326500.0,0.0,0.0,32147680.0,288926090.0,0.0,40940.0,102433900.0,8250.0,52889350.0,23876690.0,4881100.0
79014,2012,12635180.0,69796850.0,0.0,789510.0,0.0,629370.0,540610.0,354480.0,121780.0,0.0,0.0,684390.0,75850.0,1222800.0,0.0,3560490.0,16830.0,4042110.0,3669620.0,35853580.0,0.0,15716540.0,97190970.0,0.0,116057600.0,0.0,0.0,32101500.0,417921210.0,24070.0,26350.0,104703790.0,0.0,0.0,96598250.0,15487310.0
79014,2013,9750360.0,47219830.0,0.0,716360.0,0.0,1246260.0,212230.0,24450.0,39350.0,210.0,0.0,6850.0,33870.0,516400.0,0.0,7680000.0,1030.0,3416470.0,4351830.0,34832800.0,0.0,11178250.0,94187630.0,0.0,98298260.0,0.0,0.0,22799900.0,398303320.0,3110.0,35000.0,103733200.0,0.0,4802020.0,2605520.0,25166000.0
79022,2011,14423930.0,0.0,0.0,586340.0,0.0,0.0,134660.0,0.0,52610.0,0.0,494600.0,0.0,29650.0,171240.0,0.0,361770.0,1190.0,245940.0,20900.0,471650.0,0.0,307380.0,4234940.0,728990.0,8260610.0,0.0,0.0,1723960.0,28689280.0,0.0,640.0,6384350.0,62050.0,9680480.0,239340.0,10730.0
79022,2012,1093110.0,0.0,0.0,432060.0,0.0,547950.0,154100.0,0.0,49040.0,10000.0,0.0,0.0,9640.0,145050.0,0.0,296090.0,0.0,253950.0,32320.0,325650.0,0.0,298980.0,4649150.0,560620.0,10146230.0,0.0,0.0,1808210.0,43529490.0,420.0,330.0,6087200.0,87070.0,8416160.0,265240.0,0.0
79022,2013,4963470.0,0.0,0.0,639910.0,0.0,1937220.0,149230.0,0.0,191320.0,64340.0,0.0,0.0,2510.0,315850.0,0.0,361580.0,1300.0,327590.0,19430.0,1787450.0,0.0,630020.0,5331920.0,740200.0,6965820.0,0.0,610.0,1496900.0,41087920.0,40.0,770.0,6511910.0,96980.0,9705760.0,165580.0,0.0
79049,2011,1407600.0,0.0,0.0,126210.0,0.0,8790.0,0.0,0.0,0.0,0.0,0.0,0.0,48070.0,47390.0,0.0,140320.0,0.0,21490.0,670.0,494480.0,0.0,349310.0,1714060.0,0.0,1643160.0,0.0,0.0,2025290.0,9373260.0,0.0,79860.0,1976170.0,0.0,2744710.0,331730.0,13760.0
79049,2012,0.0,0.0,0.0,76020.0,0.0,22610.0,0.0,0.0,0.0,0.0,0.0,0.0,93970.0,20060.0,0.0,185860.0,100.0,112310.0,0.0,725880.0,0.0,334850.0,879000.0,0.0,1708470.0,0.0,0.0,448050.0,14907370.0,2830.0,82100.0,2520790.0,3100.0,2224700.0,178680.0,5490.0
79049,2013,0.0,0.0,0.0,6270.0,0.0,19200.0,0.0,0.0,0.0,0.0,0.0,0.0,0.0,34820.0,0.0,219200.0,2100.0,152830.0,3050.0,422930.0,0.0,458080.0,2450260.0,0.0,1483110.0,0.0,0.0,2818960.0,13808740.0,0.0,80950.0,2403240.0,0.0,2305090.0,174500.0,8360.0
79057,2011,524380.0,0.0,0.0,2620.0,0.0,8800.0,0.0,0.0,0.0,0.0,0.0,0.0,0.0,79970.0,0.0,49770.0,0.0,61320.0,0.0,138560.0,0.0,1005640.0,726560.0,467800.0,1278840.0,0.0,0.0,811630.0,6285580.0,0.0,0.0,1195580.0,0.0,3633220.0,67030.0,0.0
79057,2012,0.0,2920.0,0.0,0.0,0.0,10940.0,0.0,0.0,0.0,0.0,0.0,0.0,0.0,646690.0,0.0,56810.0,5000.0,73810.0,6360.0,224590.0,0.0,670780.0,1346870.0,351560.0,1864330.0,0.0,0.0,797020.0,10019190.0,0.0,10.0,1048250.0,770.0,4650100.0,15760.0,0.0
79057,2013,573780.0,0.0,0.0,0.0,0.0,2340.0,0.0,0.0,0.0,0.0,0.0,0.0,0.0,178760.0,0.0,118580.0,0.0,34930.0,7530.0,257390.0,0.0,652500.0,1645490.0,569350.0,1494010.0,0.0,0.0,605530.0,9860480.0,0.0,110.0,1212380.0,0.0,4754570.0,16980.0,0.0
80012,2011,219650.0,3080.0,0.0,2470.0,0.0,0.0,0.0,0.0,0.0,0.0,0.0,0.0,254070.0,0.0,0.0,29910.0,170.0,24510.0,1800.0,11560.0,0.0,77170.0,285410.0,75870.0,167350.0,0.0,0.0,209910.0,1658210.0,0.0,0.0,347980.0,300.0,1123720.0,3940.0,0.0
80012,2012,0.0,0.0,0.0,2510.0,0.0,0.0,0.0,0.0,0.0,0.0,0.0,0.0,0.0,677630.0,0.0,19190.0,0.0,38720.0,9560.0,58150.0,0.0,53040.0,251090.0,73050.0,300900.0,0.0,0.0,183060.0,2425140.0,0.0,0.0,344580.0,4410.0,1113730.0,3890.0,0.0
80012,2013,0.0,0.0,0.0,580.0,0.0,0.0,0.0,0.0,0.0,0.0,0.0,0.0,4990.0,0.0,0.0,18500.0,240.0,19230.0,3430.0,17460.0,0.0,95710.0,282360.0,77200.0,165820.0,0.0,0.0,228850.0,2262140.0,0.0,0.0,453750.0,3030.0,1087560.0,81590.0,1170.0
80039,2011,200000.0,4040.0,0.0,0.0,0.0,0.0,0.0,0.0,0.0,0.0,0.0,0.0,0.0,32650.0,0.0,20240.0,0.0,12010.0,780.0,29450.0,0.0,31330.0,465030.0,0.0,149660.0,0.0,0.0,94520.0,1166940.0,0.0,10.0,264870.0,0.0,1599110.0,86020.0,0.0
80039,2012,200000.0,0.0,0.0,4400.0,0.0,0.0,0.0,0.0,0.0,0.0,0.0,0.0,0.0,192970.0,0.0,17330.0,0.0,9280.0,0.0,48340.0,0.0,30190.0,911210.0,0.0,32580.0,0.0,0.0,95750.0,1884450.0,0.0,0.0,314490.0,0.0,2087640.0,0.0,0.0
80039,2013,0.0,0.0,0.0,0.0,0.0,0.0,0.0,0.0,0.0,0.0,0.0,0.0,0.0,19990.0,0.0,20680.0,0.0,29300.0,0.0,73560.0,0.0,67990.0,1087490.0,0.0,126360.0,0.0,0.0,37250.0,1616250.0,0.0,120.0,327010.0,0.0,2164390.0,32220.0,0.0
80047,2011,0.0,0.0,0.0,0.0,0.0,0.0,0.0,112400.0,0.0,0.0,0.0,0.0,63210.0,86670.0,0.0,19730.0,330.0,13100.0,4170.0,470770.0,0.0,78070.0,882830.0,93790.0,332690.0,0.0,0.0,353730.0,3360090.0,0.0,0.0,519100.0,2310.0,1575720.0,210.0,0.0
80047,2012,0.0,0.0,0.0,280.0,0.0,0.0,0.0,449600.0,0.0,0.0,0.0,0.0,123010.0,3610.0,0.0,26210.0,0.0,22730.0,4230.0,92760.0,0.0,108610.0,972220.0,86530.0,349680.0,0.0,0.0,826330.0,4424170.0,0.0,0.0,604320.0,0.0,2294840.0,930.0,0.0
80047,2013,0.0,0.0,0.0,0.0,0.0,0.0,0.0,930.0,0.0,0.0,0.0,0.0,18340.0,0.0,16590.0,26210.0,0.0,26670.0,19540.0,54580.0,0.0,72610.0,711820.0,104800.0,651870.0,0.0,0.0,771690.0,4048540.0,0.0,0.0,612190.0,11610.0,2286500.0,190.0,160.0
80055,2011,0.0,0.0,0.0,0.0,0.0,2750.0,0.0,0.0,210.0,0.0,0.0,0.0,0.0,2000.0,0.0,30030.0,0.0,17650.0,0.0,88720.0,0.0,11640.0,460580.0,10000.0,143930.0,0.0,0.0,75970.0,1116950.0,0.0,0.0,168080.0,19270.0,955710.0,30420.0,0.0
80055,2012,0.0,0.0,0.0,0.0,0.0,0.0,0.0,0.0,0.0,0.0,0.0,0.0,0.0,20980.0,0.0,23930.0,0.0,0.0,0.0,59270.0,0.0,6640.0,333270.0,0.0,16840.0,0.0,0.0,84470.0,1522860.0,0.0,0.0,225960.0,0.0,1233690.0,1600.0,0.0
80055,2013,0.0,0.0,0.0,0.0,0.0,0.0,0.0,0.0,0.0,0.0,0.0,0.0,0.0,16510.0,0.0,20320.0,0.0,0.0,0.0,161060.0,0.0,47800.0,774580.0,0.0,15730.0,0.0,0.0,63220.0,1301770.0,0.0,0.0,287860.0,0.0,1388180.0,0.0,0.0
80063,2011,0.0,0.0,0.0,69760.0,0.0,0.0,0.0,0.0,0.0,0.0,0.0,0.0,0.0,0.0,0.0,57430.0,0.0,0.0,0.0,32770.0,0.0,118110.0,1340900.0,0.0,279870.0,0.0,0.0,431990.0,4750430.0,0.0,300.0,1068440.0,0.0,2265230.0,0.0,0.0
80063,2012,0.0,0.0,0.0,78440.0,0.0,0.0,0.0,0.0,0.0,0.0,0.0,0.0,0.0,0.0,0.0,64050.0,0.0,0.0,0.0,50050.0,0.0,94730.0,1261140.0,0.0,301570.0,0.0,0.0,406690.0,7447280.0,0.0,0.0,994120.0,0.0,2826440.0,0.0,0.0
80063,2013,0.0,0.0,0.0,415900.0,0.0,0.0,0.0,0.0,0.0,0.0,0.0,0.0,0.0,22720.0,0.0,79740.0,0.0,33950.0,20000.0,197980.0,0.0,71060.0,1699150.0,0.0,941420.0,0.0,0.0,716540.0,7141910.0,0.0,0.0,1080000.0,0.0,2839530.0,146100.0,3570.0
80071,2011,40000.0,0.0,0.0,1620.0,0.0,0.0,0.0,0.0,0.0,0.0,0.0,0.0,5220.0,8880.0,0.0,13650.0,0.0,41410.0,3060.0,211090.0,0.0,75400.0,1254420.0,111970.0,334250.0,0.0,0.0,214930.0,3629520.0,0.0,190.0,600480.0,66860.0,1476150.0,72890.0,390.0
80071,2012,260000.0,0.0,0.0,56280.0,0.0,0.0,0.0,0.0,0.0,0.0,0.0,0.0,0.0,75140.0,0.0,30830.0,0.0,54740.0,4220.0,187500.0,0.0,68140.0,1122640.0,104960.0,286780.0,0.0,0.0,212330.0,5071120.0,0.0,10.0,611680.0,4690.0,1924380.0,101520.0,390.0
80071,2013,0.0,0.0,0.0,1820.0,0.0,170.0,0.0,0.0,1980.0,0.0,0.0,0.0,0.0,68440.0,0.0,34610.0,0.0,48090.0,5510.0,349180.0,0.0,94920.0,1474050.0,120850.0,341990.0,0.0,0.0,127850.0,4670600.0,0.0,20.0,853970.0,900.0,1899230.0,44990.0,400.0
80080,2011,50000.0,0.0,0.0,0.0,0.0,0.0,0.0,0.0,0.0,0.0,0.0,0.0,11900.0,218350.0,0.0,18740.0,0.0,22200.0,560.0,150860.0,0.0,29600.0,378930.0,0.0,261360.0,0.0,0.0,112330.0,1487570.0,0.0,-9670.0,317350.0,0.0,930570.0,12760.0,50.0
80080,2012,0.0,0.0,0.0,0.0,0.0,0.0,0.0,0.0,0.0,0.0,0.0,0.0,8210.0,111930.0,0.0,19230.0,0.0,33180.0,0.0,143490.0,0.0,23630.0,330770.0,0.0,83620.0,0.0,0.0,105740.0,2175240.0,0.0,0.0,252180.0,0.0,1982720.0,6340.0,50.0
80080,2013,0.0,0.0,0.0,0.0,0.0,0.0,0.0,0.0,0.0,0.0,0.0,0.0,16110.0,2840.0,0.0,23750.0,0.0,27270.0,0.0,201370.0,0.0,61360.0,307550.0,0.0,178190.0,0.0,0.0,96820.0,1838910.0,0.0,130.0,339290.0,0.0,1788340.0,14220.0,1660.0
80098,2011,0.0,0.0,0.0,990.0,0.0,0.0,0.0,0.0,10.0,0.0,0.0,0.0,62860.0,0.0,0.0,28300.0,0.0,3640.0,840.0,31160.0,0.0,28390.0,352610.0,98150.0,110320.0,0.0,0.0,58460.0,884470.0,0.0,0.0,233930.0,0.0,1534100.0,6840.0,0.0
80098,2012,0.0,0.0,0.0,460.0,0.0,0.0,0.0,0.0,0.0,0.0,0.0,0.0,43840.0,0.0,0.0,30830.0,3000.0,11620.0,9860.0,13070.0,0.0,19580.0,267330.0,130830.0,139120.0,0.0,0.0,71620.0,1287540.0,0.0,0.0,282790.0,2180.0,2051830.0,1840.0,0.0
80098,2013,0.0,0.0,0.0,0.0,0.0,0.0,0.0,0.0,0.0,0.0,0.0,0.0,29310.0,420.0,0.0,36360.0,0.0,20.0,600.0,73840.0,0.0,24610.0,287880.0,119850.0,110780.0,0.0,0.0,45240.0,1215410.0,0.0,0.0,268590.0,41380.0,2171720.0,490.0,0.0
80101,2011,0.0,0.0,0.0,1090.0,0.0,820.0,0.0,0.0,0.0,0.0,0.0,0.0,0.0,160530.0,0.0,15270.0,0.0,20100.0,5810.0,53110.0,0.0,39300.0,630080.0,0.0,220110.0,0.0,0.0,499290.0,1280240.0,0.0,0.0,251350.0,0.0,966810.0,466680.0,200.0
80101,2012,0.0,0.0,0.0,1240.0,0.0,1360.0,0.0,15090.0,0.0,0.0,0.0,0.0,0.0,163650.0,0.0,17900.0,0.0,10300.0,3510.0,79940.0,0.0,44980.0,661140.0,0.0,165410.0,0.0,0.0,606020.0,1889240.0,0.0,0.0,255360.0,0.0,1021680.0,399610.0,230.0
80101,2013,0.0,0.0,0.0,1080.0,0.0,830.0,0.0,18590.0,0.0,0.0,0.0,0.0,0.0,20820.0,0.0,17810.0,9090.0,15900.0,7490.0,111930.0,0.0,70180.0,345560.0,0.0,142530.0,0.0,0.0,416650.0,1784170.0,0.0,0.0,298660.0,0.0,1006590.0,297180.0,180.0
80110,2011,206260.0,0.0,0.0,48930.0,0.0,35020.0,0.0,512710.0,0.0,0.0,0.0,0.0,9240.0,63460.0,0.0,65980.0,990.0,58530.0,8740.0,95650.0,0.0,48440.0,651260.0,0.0,614650.0,0.0,0.0,194620.0,2775770.0,0.0,0.0,771510.0,0.0,2075570.0,15910.0,31970.0
80110,2012,0.0,0.0,0.0,51600.0,0.0,35690.0,0.0,8880.0,0.0,0.0,0.0,0.0,0.0,80850.0,0.0,61530.0,0.0,76070.0,4820.0,267260.0,0.0,66520.0,850440.0,0.0,619780.0,0.0,0.0,362930.0,4382380.0,0.0,0.0,1014630.0,0.0,2196690.0,37300.0,25600.0
80110,2013,0.0,0.0,0.0,48980.0,0.0,30550.0,0.0,457150.0,0.0,0.0,0.0,0.0,0.0,0.0,0.0,59380.0,0.0,61740.0,3410.0,290240.0,0.0,163810.0,1732720.0,0.0,605560.0,0.0,0.0,262340.0,4120980.0,0.0,0.0,965920.0,0.0,2266740.0,3940.0,15770.0
80128,2011,1544950.0,0.0,0.0,92540.0,0.0,0.0,0.0,0.0,0.0,0.0,0.0,0.0,0.0,0.0,0.0,110960.0,700.0,0.0,0.0,26980.0,0.0,272670.0,946220.0,0.0,755150.0,0.0,0.0,559850.0,7781550.0,0.0,2150.0,1739680.0,0.0,2083290.0,104330.0,0.0
80128,2012,380180.0,0.0,0.0,500.0,0.0,0.0,0.0,0.0,0.0,0.0,0.0,0.0,0.0,5820.0,0.0,127890.0,0.0,0.0,38190.0,1121560.0,0.0,260650.0,1690650.0,0.0,614690.0,0.0,0.0,709170.0,11177020.0,0.0,30.0,1465540.0,0.0,2027670.0,0.0,0.0
80128,2013,1174640.0,0.0,0.0,490.0,0.0,0.0,0.0,680.0,1730.0,0.0,0.0,0.0,0.0,170550.0,0.0,125020.0,740.0,58040.0,33740.0,138410.0,0.0,201340.0,1542950.0,16530.0,1286270.0,0.0,0.0,767940.0,10303320.0,0.0,10.0,1754410.0,8130.0,2466660.0,76280.0,109320.0
80136,2011,76020.0,0.0,0.0,0.0,0.0,0.0,0.0,0.0,0.0,0.0,0.0,0.0,0.0,0.0,0.0,14770.0,0.0,13150.0,1120.0,81420.0,0.0,72930.0,172240.0,51520.0,176740.0,0.0,0.0,214600.0,1467390.0,0.0,0.0,274180.0,0.0,1631480.0,1190.0,6380.0
80136,2012,0.0,0.0,0.0,0.0,0.0,0.0,0.0,0.0,0.0,0.0,0.0,0.0,0.0,52490.0,0.0,31610.0,0.0,20410.0,0.0,84760.0,0.0,44610.0,634150.0,69110.0,161940.0,0.0,0.0,210100.0,2390980.0,0.0,0.0,356230.0,0.0,2291600.0,4330.0,12270.0
80136,2013,0.0,0.0,0.0,0.0,0.0,0.0,0.0,0.0,0.0,0.0,0.0,0.0,0.0,70140.0,0.0,30300.0,0.0,22370.0,3270.0,33700.0,0.0,99400.0,481760.0,67610.0,132090.0,0.0,0.0,147490.0,2515330.0,0.0,0.0,439190.0,0.0,2232530.0,3880.0,1760.0
80144,2011,0.0,0.0,0.0,0.0,0.0,0.0,0.0,0.0,0.0,0.0,0.0,0.0,0.0,0.0,0.0,23780.0,8890.0,0.0,0.0,980.0,0.0,12490.0,921340.0,0.0,34290.0,0.0,0.0,96580.0,1139300.0,0.0,0.0,258750.0,0.0,2718300.0,0.0,0.0
80144,2012,0.0,0.0,0.0,0.0,0.0,0.0,0.0,0.0,0.0,0.0,0.0,0.0,0.0,0.0,0.0,23330.0,0.0,0.0,0.0,49260.0,0.0,12370.0,1137510.0,0.0,37870.0,0.0,0.0,116790.0,1866190.0,0.0,0.0,479330.0,0.0,3036830.0,50000.0,0.0
80144,2013,0.0,0.0,0.0,0.0,0.0,0.0,0.0,0.0,0.0,0.0,0.0,0.0,0.0,0.0,0.0,26790.0,2780.0,0.0,0.0,303030.0,0.0,21680.0,655000.0,0.0,290120.0,0.0,0.0,93800.0,1738320.0,0.0,0.0,500460.0,0.0,2706020.0,40000.0,0.0
80152,2011,361050.0,0.0,0.0,16190.0,0.0,51140.0,20740.0,0.0,0.0,0.0,0.0,0.0,26480.0,278990.0,0.0,209730.0,1110.0,553090.0,17160.0,938610.0,0.0,374870.0,4482310.0,309660.0,4010520.0,0.0,0.0,1666680.0,13310430.0,0.0,150.0,3123040.0,836770.0,4675040.0,205160.0,77570.0
80152,2012,718780.0,0.0,0.0,7020.0,0.0,53580.0,12210.0,598990.0,1130.0,0.0,0.0,0.0,0.0,478630.0,0.0,211910.0,3430.0,268650.0,15340.0,485330.0,0.0,287000.0,4809550.0,0.0,3184810.0,0.0,0.0,1808750.0,20082240.0,240.0,160.0,3124690.0,710370.0,4585810.0,152030.0,12940.0
80152,2013,0.0,0.0,0.0,550.0,0.0,8600.0,29110.0,88530.0,0.0,0.0,0.0,0.0,0.0,66870.0,0.0,202380.0,3020.0,153940.0,12150.0,852760.0,0.0,390480.0,4955380.0,0.0,2601000.0,0.0,0.0,1309650.0,19142060.0,0.0,20.0,3213670.0,0.0,3868090.0,188010.0,0.0
80179,2011,0.0,0.0,0.0,0.0,0.0,44110.0,0.0,0.0,0.0,0.0,0.0,0.0,0.0,0.0,0.0,63880.0,0.0,54310.0,0.0,474530.0,0.0,296510.0,1010010.0,132730.0,2621940.0,0.0,0.0,377760.0,4094250.0,0.0,0.0,1876390.0,0.0,2665120.0,4160.0,27590.0
80179,2012,0.0,0.0,0.0,0.0,0.0,45620.0,0.0,181680.0,0.0,0.0,0.0,0.0,0.0,0.0,0.0,79470.0,0.0,76660.0,0.0,408020.0,0.0,362370.0,1369560.0,151530.0,1648930.0,0.0,0.0,295900.0,6227780.0,0.0,0.0,1605050.0,0.0,3099600.0,6030.0,23160.0
80179,2013,0.0,0.0,0.0,0.0,0.0,40810.0,0.0,323280.0,0.0,0.0,0.0,0.0,0.0,34860.0,0.0,79390.0,0.0,67050.0,0.0,573650.0,0.0,354420.0,1667280.0,2800.0,974150.0,0.0,0.0,311740.0,6146780.0,0.0,90.0,1643960.0,0.0,2154470.0,23160.0,15780.0
80187,2011,90000.0,0.0,0.0,8130.0,0.0,0.0,0.0,0.0,0.0,0.0,0.0,0.0,0.0,1160.0,0.0,16300.0,0.0,11900.0,41440.0,20050.0,54850.0,12040.0,330460.0,39820.0,517550.0,0.0,260.0,92450.0,614740.0,0.0,4320.0,300320.0,190.0,972180.0,1030.0,0.0
80187,2012,350000.0,0.0,0.0,0.0,0.0,0.0,0.0,115160.0,0.0,0.0,0.0,0.0,0.0,0.0,0.0,20790.0,0.0,8110.0,35640.0,30470.0,5420.0,7450.0,238910.0,0.0,391850.0,0.0,0.0,66460.0,977930.0,0.0,0.0,237620.0,0.0,2049310.0,1290.0,108000.0
80187,2013,550000.0,0.0,0.0,0.0,0.0,0.0,0.0,0.0,0.0,0.0,0.0,0.0,0.0,17870.0,0.0,21550.0,0.0,8870.0,7610.0,21900.0,0.0,23150.0,374080.0,0.0,131080.0,0.0,0.0,45180.0,989840.0,0.0,80.0,301410.0,0.0,1467700.0,1900.0,241390.0
80195,2011,473320.0,0.0,0.0,26600.0,0.0,740.0,0.0,0.0,0.0,0.0,0.0,0.0,76980.0,73880.0,0.0,27800.0,0.0,42830.0,410.0,371620.0,0.0,32650.0,3350670.0,25800.0,286480.0,0.0,0.0,314990.0,2414780.0,0.0,310.0,480210.0,37890.0,1455830.0,196450.0,0.0
80195,2012,0.0,0.0,0.0,22800.0,0.0,30.0,0.0,0.0,0.0,0.0,0.0,0.0,589640.0,292900.0,0.0,36930.0,0.0,50760.0,1050.0,373160.0,0.0,28330.0,3733700.0,0.0,383370.0,0.0,0.0,290010.0,3409260.0,0.0,0.0,577820.0,1000.0,1351150.0,252440.0,161860.0
80195,2013,0.0,0.0,0.0,6010.0,0.0,680.0,0.0,0.0,0.0,0.0,0.0,0.0,142270.0,27880.0,0.0,34980.0,0.0,57000.0,0.0,486340.0,0.0,46860.0,3396950.0,0.0,176060.0,0.0,0.0,242420.0,2776220.0,0.0,0.0,595740.0,0.0,1277690.0,105220.0,863260.0
80209,2011,0.0,0.0,0.0,45570.0,0.0,0.0,0.0,0.0,0.0,0.0,0.0,0.0,0.0,285330.0,0.0,109740.0,0.0,24360.0,0.0,154870.0,0.0,69910.0,5435850.0,0.0,559340.0,0.0,0.0,322930.0,5885590.0,0.0,920.0,1552510.0,0.0,2693560.0,275150.0,0.0
80209,2012,0.0,0.0,0.0,44990.0,0.0,0.0,0.0,0.0,0.0,0.0,0.0,0.0,0.0,413860.0,0.0,102640.0,0.0,6290.0,0.0,218720.0,0.0,78450.0,5819950.0,0.0,579440.0,0.0,0.0,277080.0,9092180.0,0.0,20.0,1741440.0,0.0,2884310.0,147400.0,0.0
80209,2013,0.0,0.0,0.0,8600.0,0.0,0.0,0.0,0.0,0.0,0.0,0.0,0.0,0.0,139570.0,0.0,105680.0,2410.0,0.0,0.0,80330.0,0.0,262890.0,4531180.0,0.0,838780.0,0.0,0.0,384190.0,8293530.0,0.0,1460.0,1718130.0,0.0,2916920.0,170950.0,3300.0
80217,2011,706030.0,0.0,0.0,0.0,0.0,0.0,0.0,0.0,0.0,0.0,0.0,0.0,14270.0,0.0,0.0,14120.0,700.0,2970.0,0.0,136660.0,0.0,58500.0,336150.0,96890.0,165810.0,0.0,0.0,168780.0,1302760.0,0.0,110.0,267480.0,2160.0,1860890.0,43180.0,5370.0
80217,2012,0.0,0.0,0.0,3050.0,0.0,0.0,0.0,6960.0,0.0,0.0,0.0,0.0,114820.0,6650.0,0.0,17570.0,0.0,1970.0,1010.0,179230.0,0.0,44190.0,794360.0,81700.0,226900.0,0.0,0.0,184900.0,1942610.0,0.0,0.0,448340.0,0.0,2533080.0,23010.0,1023310.0
80217,2013,0.0,0.0,0.0,10.0,0.0,0.0,0.0,10.0,0.0,0.0,0.0,0.0,24030.0,200.0,0.0,23150.0,0.0,0.0,16100.0,175630.0,0.0,46190.0,416260.0,0.0,121890.0,0.0,0.0,187890.0,2177480.0,0.0,20.0,565550.0,2220.0,2649670.0,10850.0,0.0
80225,2011,0.0,0.0,0.0,157870.0,0.0,0.0,0.0,0.0,0.0,0.0,0.0,0.0,14650.0,0.0,0.0,27010.0,2580.0,14000.0,4260.0,38940.0,0.0,89000.0,1025420.0,78080.0,388900.0,0.0,0.0,298320.0,2636460.0,0.0,10.0,601180.0,0.0,1941500.0,17320.0,8570.0
80225,2012,0.0,0.0,0.0,108400.0,0.0,0.0,0.0,164780.0,1110.0,0.0,0.0,0.0,16470.0,0.0,0.0,29840.0,4990.0,8840.0,4770.0,250380.0,0.0,78900.0,1127160.0,70850.0,316450.0,0.0,0.0,333880.0,3834560.0,0.0,0.0,595860.0,0.0,2329820.0,30340.0,0.0
80225,2013,0.0,0.0,0.0,0.0,0.0,0.0,0.0,15240.0,0.0,0.0,0.0,0.0,0.0,0.0,0.0,28190.0,0.0,27230.0,4030.0,133190.0,0.0,56700.0,1238180.0,0.0,338650.0,0.0,0.0,290800.0,3587330.0,0.0,10.0,733690.0,0.0,2698320.0,17790.0,0.0
80233,2011,800000.0,0.0,0.0,14000.0,0.0,0.0,0.0,0.0,0.0,0.0,0.0,0.0,0.0,0.0,0.0,34170.0,0.0,63060.0,1140.0,152810.0,0.0,140450.0,842740.0,3500.0,613800.0,0.0,0.0,508330.0,4220870.0,0.0,0.0,718540.0,74750.0,2175250.0,30430.0,5350.0
80233,2012,0.0,0.0,0.0,0.0,0.0,0.0,0.0,0.0,0.0,0.0,0.0,0.0,0.0,0.0,0.0,36900.0,0.0,7060.0,450.0,61650.0,0.0,176290.0,1702660.0,0.0,27870.0,0.0,0.0,450820.0,5496740.0,0.0,0.0,655990.0,0.0,2468190.0,10000.0,0.0
80233,2013,800000.0,0.0,0.0,0.0,0.0,0.0,0.0,0.0,240.0,0.0,0.0,0.0,0.0,0.0,0.0,40370.0,360.0,98290.0,3060.0,459280.0,0.0,144640.0,1083110.0,0.0,256710.0,0.0,0.0,357730.0,5027810.0,0.0,210.0,743210.0,0.0,2527700.0,24210.0,18190.0
80241,2011,0.0,0.0,0.0,0.0,0.0,0.0,0.0,0.0,0.0,0.0,0.0,0.0,0.0,0.0,0.0,6850.0,0.0,0.0,0.0,15260.0,0.0,23780.0,318780.0,0.0,52560.0,0.0,0.0,58210.0,966520.0,0.0,40.0,120910.0,0.0,811960.0,940.0,0.0
80241,2012,0.0,0.0,0.0,0.0,0.0,0.0,0.0,0.0,0.0,0.0,0.0,0.0,0.0,0.0,0.0,6490.0,0.0,0.0,0.0,16230.0,0.0,21740.0,304570.0,0.0,75270.0,0.0,0.0,53230.0,1335860.0,0.0,0.0,179080.0,0.0,1178280.0,0.0,0.0
80241,2013,0.0,0.0,0.0,0.0,0.0,0.0,0.0,0.0,0.0,0.0,0.0,0.0,0.0,33340.0,0.0,5470.0,0.0,0.0,0.0,15440.0,0.0,14650.0,444570.0,0.0,32700.0,0.0,0.0,32740.0,1301570.0,0.0,100.0,231640.0,0.0,1153620.0,0.0,0.0
80250,2011,0.0,0.0,0.0,23710.0,0.0,0.0,0.0,0.0,0.0,0.0,0.0,0.0,0.0,6420.0,0.0,18620.0,0.0,0.0,0.0,16960.0,0.0,10620.0,145240.0,0.0,28810.0,0.0,0.0,70400.0,671200.0,0.0,2390.0,192510.0,0.0,1134870.0,0.0,0.0
80250,2012,0.0,0.0,0.0,0.0,0.0,0.0,0.0,2550.0,0.0,0.0,0.0,0.0,0.0,0.0,0.0,15360.0,0.0,0.0,0.0,30890.0,0.0,13050.0,139760.0,0.0,21640.0,0.0,0.0,79760.0,1149100.0,0.0,110.0,335420.0,0.0,1524650.0,0.0,0.0
80250,2013,0.0,0.0,0.0,0.0,0.0,0.0,0.0,0.0,0.0,0.0,0.0,0.0,0.0,0.0,0.0,20540.0,0.0,4070.0,0.0,74400.0,0.0,25570.0,126840.0,0.0,32320.0,0.0,0.0,64120.0,1056000.0,0.0,0.0,222590.0,0.0,1472840.0,121310.0,0.0
80268,2011,0.0,0.0,0.0,19200.0,0.0,0.0,0.0,0.0,1780.0,0.0,0.0,0.0,0.0,8730.0,0.0,29520.0,0.0,10300.0,600.0,17950.0,0.0,48340.0,469510.0,73730.0,228250.0,0.0,0.0,89130.0,1781150.0,0.0,0.0,474540.0,2790.0,1550280.0,161720.0,0.0
80268,2012,0.0,0.0,0.0,0.0,0.0,0.0,0.0,0.0,1370.0,0.0,0.0,0.0,0.0,9520.0,0.0,35110.0,0.0,13200.0,0.0,50630.0,0.0,58880.0,616240.0,0.0,262930.0,0.0,0.0,89450.0,2734540.0,0.0,0.0,634390.0,7840.0,1734200.0,69850.0,0.0
80268,2013,0.0,0.0,0.0,0.0,0.0,0.0,0.0,0.0,10720.0,0.0,0.0,0.0,0.0,0.0,0.0,32830.0,0.0,1530.0,0.0,144530.0,0.0,53630.0,735910.0,0.0,207610.0,0.0,0.0,48970.0,2600940.0,0.0,250.0,518550.0,5010.0,1834700.0,66260.0,0.0
80276,2011,96520.0,0.0,0.0,100.0,0.0,0.0,0.0,0.0,0.0,0.0,0.0,0.0,1900.0,106200.0,0.0,21910.0,0.0,1300.0,0.0,22190.0,0.0,12270.0,257500.0,0.0,113400.0,0.0,0.0,72140.0,860130.0,0.0,5290.0,186110.0,0.0,948960.0,32340.0,730.0
80276,2012,0.0,0.0,0.0,100.0,0.0,0.0,0.0,0.0,0.0,0.0,0.0,0.0,0.0,347950.0,0.0,17700.0,0.0,5490.0,0.0,40400.0,0.0,6160.0,372470.0,0.0,131170.0,0.0,0.0,61190.0,1227470.0,0.0,0.0,257910.0,0.0,1546120.0,18580.0,310.0
80276,2013,0.0,0.0,0.0,100.0,0.0,0.0,0.0,0.0,0.0,0.0,0.0,0.0,0.0,233690.0,0.0,22510.0,600.0,4420.0,0.0,59740.0,0.0,18500.0,223730.0,0.0,106940.0,0.0,0.0,55170.0,1095500.0,0.0,0.0,180600.0,0.0,1396030.0,4120.0,0.0
80292,2011,0.0,0.0,0.0,0.0,0.0,0.0,0.0,0.0,0.0,0.0,0.0,0.0,0.0,0.0,0.0,7450.0,0.0,0.0,0.0,35940.0,0.0,10380.0,155770.0,0.0,11770.0,0.0,0.0,43490.0,598070.0,0.0,0.0,132370.0,0.0,812490.0,0.0,0.0
80292,2012,0.0,0.0,0.0,0.0,0.0,0.0,0.0,0.0,0.0,0.0,0.0,0.0,0.0,0.0,0.0,5720.0,0.0,0.0,0.0,16200.0,0.0,8800.0,176770.0,0.0,9330.0,0.0,0.0,42100.0,1040680.0,0.0,0.0,132600.0,0.0,1047330.0,0.0,0.0
80292,2013,0.0,0.0,0.0,0.0,0.0,0.0,0.0,0.0,0.0,0.0,0.0,0.0,0.0,0.0,0.0,10800.0,0.0,0.0,110.0,5580.0,0.0,5900.0,214100.0,0.0,70830.0,0.0,0.0,40650.0,975430.0,0.0,0.0,125110.0,0.0,1096360.0,1320.0,0.0
80306,2011,0.0,0.0,0.0,0.0,0.0,0.0,0.0,0.0,0.0,0.0,0.0,0.0,0.0,0.0,0.0,22020.0,4660.0,0.0,0.0,20470.0,0.0,134570.0,498100.0,0.0,112570.0,0.0,0.0,157900.0,1943640.0,0.0,-170.0,396840.0,0.0,1833540.0,0.0,1760.0
80306,2012,0.0,0.0,0.0,0.0,0.0,0.0,0.0,0.0,3510.0,0.0,0.0,0.0,10510.0,0.0,0.0,25300.0,0.0,22940.0,1890.0,115980.0,0.0,117590.0,611440.0,99700.0,454120.0,0.0,0.0,182050.0,2786810.0,0.0,0.0,452530.0,0.0,3143540.0,3700.0,640.0
80306,2013,0.0,0.0,0.0,0.0,0.0,0.0,0.0,0.0,0.0,0.0,0.0,0.0,0.0,15540.0,0.0,25540.0,0.0,25470.0,3780.0,183760.0,0.0,93360.0,618420.0,2087790.0,239100.0,0.0,0.0,94200.0,2705850.0,0.0,20.0,512100.0,0.0,3103550.0,1380.0,710.0
80314,2011,1364690.0,0.0,0.0,129090.0,0.0,33310.0,820.0,0.0,43000.0,0.0,0.0,0.0,500.0,193980.0,0.0,129610.0,300.0,53190.0,1750.0,510700.0,0.0,764590.0,4229670.0,196350.0,4336280.0,0.0,0.0,4350700.0,15824610.0,0.0,1040.0,2465190.0,0.0,4155010.0,242020.0,93430.0
80314,2012,2604640.0,0.0,0.0,140800.0,0.0,40240.0,50.0,0.0,49180.0,0.0,0.0,0.0,0.0,99390.0,0.0,132080.0,0.0,104360.0,1730.0,807770.0,0.0,615670.0,5360820.0,0.0,3660960.0,0.0,0.0,3821460.0,23633600.0,0.0,40.0,2792570.0,8190.0,3889180.0,203200.0,91560.0
80314,2013,1246830.0,0.0,0.0,55330.0,0.0,59180.0,0.0,0.0,26860.0,0.0,0.0,0.0,0.0,84170.0,0.0,145550.0,0.0,135360.0,45710.0,903660.0,0.0,623890.0,6379120.0,0.0,3191600.0,0.0,0.0,4279390.0,21929880.0,0.0,350.0,4072040.0,0.0,3641340.0,238180.0,114190.0
80322,2011,0.0,3720.0,0.0,1320.0,0.0,0.0,0.0,0.0,0.0,0.0,0.0,0.0,0.0,0.0,0.0,34530.0,0.0,20880.0,0.0,49700.0,0.0,31080.0,271680.0,0.0,393230.0,0.0,0.0,184710.0,1785280.0,0.0,3570.0,944960.0,0.0,1065930.0,0.0,520.0
80322,2012,0.0,0.0,0.0,1780.0,0.0,0.0,0.0,0.0,0.0,0.0,0.0,0.0,0.0,0.0,0.0,42810.0,0.0,11560.0,0.0,31870.0,0.0,20830.0,249060.0,0.0,797640.0,0.0,0.0,161100.0,2598260.0,0.0,-90.0,881100.0,5480.0,2572210.0,190.0,380.0
80322,2013,3400000.0,0.0,0.0,500.0,0.0,0.0,0.0,0.0,0.0,0.0,0.0,0.0,9180.0,0.0,0.0,38500.0,0.0,18260.0,0.0,38920.0,0.0,140880.0,281280.0,0.0,416360.0,0.0,0.0,172450.0,2535130.0,0.0,0.0,1241060.0,0.0,1255070.0,200.0,570.0
80349,2011,0.0,0.0,0.0,0.0,0.0,0.0,0.0,0.0,0.0,0.0,0.0,0.0,0.0,0.0,0.0,7610.0,4720.0,300.0,560.0,41930.0,0.0,19390.0,595560.0,0.0,45520.0,0.0,0.0,41470.0,703330.0,0.0,0.0,146970.0,0.0,1504210.0,0.0,0.0
80349,2012,0.0,0.0,0.0,0.0,0.0,0.0,0.0,0.0,0.0,0.0,0.0,0.0,113000.0,0.0,0.0,6830.0,0.0,0.0,4830.0,44500.0,0.0,16100.0,487680.0,0.0,52080.0,0.0,0.0,43250.0,1112650.0,0.0,0.0,202530.0,0.0,1899040.0,0.0,0.0
80349,2013,0.0,0.0,0.0,0.0,0.0,0.0,0.0,0.0,0.0,0.0,0.0,0.0,0.0,0.0,0.0,12250.0,0.0,9890.0,0.0,23520.0,0.0,20960.0,677920.0,0.0,68260.0,0.0,0.0,59830.0,1019190.0,0.0,0.0,177780.0,0.0,2062940.0,0.0,0.0
80357,2011,0.0,0.0,0.0,243340.0,0.0,8220.0,0.0,0.0,0.0,0.0,0.0,0.0,0.0,0.0,0.0,78060.0,0.0,9060.0,8160.0,84270.0,0.0,113070.0,933650.0,149150.0,1097180.0,0.0,0.0,393720.0,4225200.0,0.0,0.0,1288890.0,29660.0,2514100.0,3450.0,0.0
80357,2012,0.0,0.0,0.0,0.0,0.0,16110.0,0.0,0.0,0.0,0.0,0.0,0.0,0.0,11020.0,0.0,96980.0,0.0,15810.0,6310.0,46070.0,0.0,88570.0,1281490.0,142710.0,1135080.0,0.0,0.0,565750.0,6487900.0,0.0,70.0,1243710.0,24360.0,2790180.0,3750.0,0.0
80357,2013,996380.0,0.0,0.0,11290.0,0.0,14100.0,0.0,0.0,0.0,0.0,0.0,0.0,0.0,0.0,0.0,87070.0,0.0,44380.0,4050.0,56300.0,0.0,184890.0,1036370.0,158890.0,1116590.0,0.0,0.0,582300.0,6136600.0,0.0,0.0,1436500.0,1600.0,3056990.0,6810.0,0.0
80365,2011,0.0,0.0,0.0,0.0,0.0,0.0,0.0,0.0,0.0,0.0,0.0,0.0,3540.0,0.0,0.0,36140.0,0.0,9360.0,260.0,89210.0,0.0,86730.0,849230.0,0.0,258600.0,0.0,0.0,344050.0,2122210.0,0.0,10.0,483520.0,0.0,1168730.0,4420.0,0.0
80365,2012,13500.0,0.0,0.0,0.0,0.0,0.0,1120.0,0.0,0.0,0.0,0.0,0.0,0.0,22680.0,0.0,27110.0,240.0,43010.0,0.0,164180.0,0.0,65090.0,759770.0,127760.0,280270.0,0.0,0.0,295070.0,3538000.0,0.0,40.0,605320.0,0.0,1210680.0,71640.0,0.0
80365,2013,0.0,0.0,0.0,0.0,0.0,0.0,0.0,0.0,0.0,0.0,0.0,0.0,0.0,28430.0,0.0,25790.0,0.0,4730.0,0.0,152010.0,0.0,78510.0,707940.0,0.0,224400.0,0.0,0.0,276960.0,3260440.0,0.0,20.0,583040.0,0.0,1152090.0,34040.0,0.0
80373,2011,0.0,0.0,0.0,33920.0,0.0,0.0,0.0,0.0,0.0,0.0,0.0,0.0,0.0,0.0,0.0,17310.0,0.0,14970.0,0.0,630.0,0.0,32800.0,400450.0,0.0,50510.0,0.0,0.0,87560.0,958830.0,0.0,0.0,151690.0,0.0,1428540.0,13200.0,0.0
80373,2012,0.0,0.0,0.0,0.0,0.0,0.0,0.0,0.0,0.0,0.0,0.0,0.0,0.0,0.0,0.0,15700.0,0.0,5980.0,0.0,2850.0,0.0,34980.0,1191560.0,0.0,17080.0,0.0,0.0,91930.0,1358190.0,0.0,0.0,176000.0,0.0,1673210.0,0.0,11250.0
80373,2013,0.0,0.0,0.0,0.0,0.0,0.0,0.0,1510.0,0.0,0.0,0.0,0.0,0.0,0.0,0.0,17570.0,0.0,6350.0,0.0,8650.0,0.0,36800.0,955640.0,0.0,36350.0,0.0,0.0,87280.0,1278040.0,0.0,0.0,281160.0,0.0,1550670.0,1000.0,0.0
80381,2011,1541410.0,0.0,0.0,60250.0,0.0,56210.0,0.0,0.0,0.0,0.0,0.0,0.0,0.0,48510.0,0.0,104610.0,9570.0,91030.0,24540.0,91640.0,0.0,295890.0,2848020.0,517190.0,1829010.0,0.0,0.0,751300.0,7169410.0,0.0,790.0,1610420.0,560.0,3701740.0,57730.0,0.0
80381,2012,0.0,17790.0,0.0,36970.0,0.0,47900.0,0.0,0.0,0.0,0.0,0.0,0.0,17630.0,8010.0,0.0,127090.0,990.0,94750.0,16620.0,81240.0,0.0,324370.0,2647000.0,9210.0,1724720.0,0.0,0.0,733160.0,11141670.0,0.0,6030.0,1607630.0,760.0,5136740.0,37670.0,46730.0
80381,2013,0.0,0.0,0.0,14940.0,0.0,0.0,0.0,0.0,0.0,0.0,0.0,0.0,0.0,196470.0,0.0,153500.0,2000.0,0.0,19130.0,352860.0,0.0,316810.0,3043790.0,0.0,646700.0,0.0,0.0,403030.0,10316980.0,0.0,3650.0,1715770.0,0.0,4312930.0,0.0,44380.0
80390,2011,0.0,0.0,0.0,300.0,0.0,0.0,0.0,0.0,0.0,0.0,0.0,0.0,0.0,0.0,0.0,20840.0,0.0,3970.0,0.0,69560.0,0.0,12260.0,1398540.0,0.0,91960.0,0.0,0.0,139680.0,909760.0,0.0,0.0,361980.0,0.0,714610.0,11350.0,0.0
80390,2012,0.0,0.0,0.0,270.0,0.0,0.0,0.0,0.0,0.0,0.0,0.0,0.0,0.0,11180.0,0.0,19150.0,0.0,10410.0,0.0,43590.0,0.0,10430.0,1786880.0,0.0,205710.0,0.0,0.0,145870.0,1464160.0,0.0,0.0,369390.0,20810.0,1282030.0,130850.0,0.0
80390,2013,0.0,0.0,0.0,200.0,0.0,4340.0,0.0,0.0,0.0,0.0,0.0,0.0,0.0,0.0,0.0,13930.0,0.0,26360.0,0.0,53410.0,0.0,33330.0,1809840.0,0.0,245920.0,0.0,0.0,99850.0,1350010.0,0.0,0.0,492880.0,32820.0,1397400.0,70860.0,2630.0
80403,2011,245680.0,0.0,0.0,108120.0,0.0,12750.0,0.0,0.0,125580.0,0.0,0.0,0.0,0.0,0.0,0.0,120850.0,0.0,99090.0,3290.0,310780.0,0.0,219850.0,784270.0,199970.0,1875090.0,0.0,0.0,448580.0,7295220.0,0.0,530.0,1394810.0,0.0,2949460.0,9430.0,0.0
80403,2012,0.0,0.0,0.0,94610.0,0.0,13730.0,0.0,0.0,117180.0,0.0,0.0,0.0,0.0,0.0,0.0,137980.0,0.0,16500.0,72070.0,413490.0,0.0,214270.0,1189970.0,367010.0,1632100.0,0.0,0.0,543380.0,10988600.0,0.0,0.0,1486680.0,0.0,3201580.0,10200.0,0.0
80403,2013,0.0,0.0,0.0,13630.0,0.0,11950.0,0.0,0.0,79910.0,0.0,0.0,0.0,0.0,0.0,0.0,140000.0,0.0,37100.0,3060.0,854380.0,0.0,310330.0,1142830.0,135980.0,2077880.0,0.0,0.0,330020.0,10642450.0,0.0,20.0,1680240.0,0.0,3728830.0,6570.0,26690.0
80411,2011,0.0,0.0,0.0,0.0,0.0,0.0,0.0,0.0,0.0,0.0,0.0,0.0,0.0,0.0,0.0,5310.0,0.0,0.0,720.0,17210.0,0.0,11110.0,134430.0,0.0,825200.0,0.0,0.0,63350.0,840970.0,0.0,10.0,198410.0,0.0,381550.0,13530.0,0.0
80411,2012,0.0,0.0,0.0,0.0,0.0,0.0,0.0,0.0,0.0,0.0,0.0,0.0,0.0,0.0,0.0,4410.0,0.0,0.0,1880.0,14000.0,0.0,11530.0,170270.0,0.0,232710.0,0.0,0.0,66810.0,1307220.0,0.0,340.0,150680.0,0.0,532890.0,9280.0,0.0
80411,2013,0.0,0.0,0.0,0.0,0.0,0.0,0.0,0.0,0.0,0.0,0.0,0.0,0.0,0.0,0.0,5050.0,0.0,0.0,1190.0,10230.0,0.0,14320.0,150780.0,0.0,248140.0,0.0,0.0,57940.0,1222790.0,0.0,0.0,202840.0,0.0,811340.0,750.0,0.0
80420,2011,277240.0,1530.0,0.0,0.0,0.0,0.0,0.0,0.0,100.0,0.0,0.0,0.0,0.0,136480.0,0.0,48560.0,320.0,101390.0,12680.0,373640.0,0.0,309350.0,703190.0,171130.0,1928250.0,0.0,0.0,762900.0,6321140.0,40.0,0.0,1693270.0,440.0,1837870.0,997210.0,86960.0
80420,2012,1352000.0,1760.0,0.0,0.0,0.0,0.0,0.0,0.0,0.0,0.0,0.0,0.0,0.0,250290.0,0.0,64950.0,0.0,115360.0,30220.0,559360.0,0.0,258900.0,472900.0,168090.0,2218850.0,0.0,0.0,742380.0,9371640.0,100.0,0.0,1676400.0,15000.0,2496550.0,3000780.0,91490.0
80420,2013,0.0,0.0,0.0,1750.0,0.0,0.0,0.0,0.0,0.0,0.0,0.0,0.0,0.0,129800.0,0.0,70710.0,0.0,58810.0,83900.0,961230.0,0.0,344770.0,681570.0,176320.0,2288690.0,0.0,0.0,518020.0,8944200.0,100.0,180.0,2242020.0,730.0,2420870.0,77140.0,39020.0
80438,2011,1160780.0,0.0,0.0,418050.0,0.0,0.0,0.0,0.0,0.0,0.0,0.0,0.0,9620.0,252380.0,0.0,150770.0,0.0,246040.0,17380.0,1675690.0,0.0,383250.0,4001090.0,218050.0,3587770.0,0.0,0.0,1798000.0,13453260.0,49580.0,200.0,5346510.0,0.0,6487380.0,82840.0,49280.0
80438,2012,28590.0,0.0,0.0,1303570.0,0.0,0.0,0.0,1528800.0,2080.0,0.0,0.0,0.0,34090.0,606550.0,0.0,160090.0,580.0,231160.0,24610.0,1995270.0,0.0,330550.0,3658910.0,57570.0,2718660.0,0.0,0.0,1775280.0,20894030.0,5070.0,130.0,5570170.0,0.0,5479820.0,178350.0,30990.0
80438,2013,7800.0,0.0,0.0,394160.0,0.0,0.0,0.0,267030.0,0.0,760.0,0.0,0.0,76820.0,464490.0,0.0,194580.0,0.0,223930.0,21700.0,1779240.0,0.0,263300.0,3671030.0,26680.0,3133910.0,0.0,0.0,1383180.0,19756040.0,4470.0,90.0,6300890.0,0.0,5245730.0,150670.0,34620.0
80446,2011,0.0,0.0,0.0,7790.0,0.0,0.0,0.0,0.0,0.0,0.0,0.0,0.0,0.0,186430.0,0.0,24410.0,0.0,38910.0,0.0,6810.0,0.0,48850.0,296930.0,0.0,545530.0,0.0,0.0,158020.0,2548160.0,0.0,0.0,494140.0,0.0,1349130.0,11710.0,0.0
80446,2012,0.0,0.0,0.0,8940.0,0.0,0.0,0.0,0.0,0.0,0.0,0.0,0.0,0.0,480570.0,0.0,27010.0,410.0,29060.0,0.0,5250.0,0.0,48990.0,324930.0,0.0,382130.0,0.0,0.0,163120.0,4039350.0,0.0,440.0,541970.0,0.0,1434010.0,10700.0,0.0
80446,2013,0.0,0.0,0.0,8420.0,0.0,0.0,0.0,0.0,0.0,0.0,0.0,0.0,0.0,287420.0,0.0,31470.0,130.0,67920.0,0.0,27690.0,0.0,55020.0,358450.0,0.0,394820.0,0.0,0.0,97040.0,3703260.0,0.0,0.0,562940.0,0.0,1705890.0,2060.0,0.0
80454,2011,174490.0,0.0,0.0,0.0,0.0,0.0,0.0,0.0,0.0,0.0,0.0,0.0,0.0,6610.0,0.0,15930.0,0.0,13480.0,0.0,57670.0,0.0,25850.0,107820.0,55590.0,57610.0,0.0,0.0,67220.0,878760.0,0.0,0.0,169540.0,0.0,992850.0,50.0,650.0
80454,2012,364740.0,0.0,0.0,0.0,0.0,0.0,0.0,0.0,0.0,0.0,0.0,0.0,0.0,0.0,0.0,16650.0,0.0,25130.0,0.0,62780.0,0.0,20660.0,147090.0,62550.0,63810.0,0.0,0.0,68990.0,1339940.0,0.0,0.0,138820.0,0.0,1547410.0,0.0,650.0
80454,2013,0.0,0.0,0.0,0.0,0.0,0.0,0.0,0.0,0.0,0.0,0.0,0.0,0.0,0.0,0.0,20160.0,0.0,9750.0,1550.0,94710.0,0.0,37410.0,243370.0,72590.0,49730.0,0.0,0.0,33050.0,1222430.0,0.0,0.0,420530.0,0.0,1482610.0,180.0,1830.0
80462,2011,1100000.0,0.0,0.0,330.0,0.0,0.0,0.0,0.0,0.0,0.0,0.0,0.0,0.0,0.0,0.0,50110.0,0.0,64280.0,940.0,78260.0,0.0,375690.0,1341660.0,183020.0,702160.0,0.0,0.0,740240.0,4024230.0,0.0,0.0,856060.0,180.0,1897600.0,21380.0,7570.0
80462,2012,0.0,0.0,0.0,380.0,0.0,0.0,0.0,0.0,0.0,0.0,0.0,0.0,10610.0,0.0,0.0,43270.0,0.0,79000.0,830.0,48400.0,0.0,317670.0,1287650.0,120080.0,624450.0,0.0,0.0,713720.0,5902020.0,0.0,0.0,743040.0,1620.0,2420950.0,25020.0,5630.0
80462,2013,600000.0,0.0,0.0,370.0,0.0,0.0,0.0,0.0,0.0,0.0,0.0,0.0,14970.0,0.0,0.0,49370.0,0.0,155150.0,2040.0,178100.0,3920.0,337420.0,961590.0,166510.0,1134160.0,0.0,0.0,612320.0,5444920.0,0.0,0.0,927440.0,250.0,2471850.0,1050.0,61830.0
80489,2011,0.0,0.0,0.0,280.0,0.0,0.0,0.0,0.0,0.0,0.0,0.0,0.0,0.0,189770.0,0.0,18110.0,1820.0,1700.0,0.0,16110.0,0.0,24500.0,310180.0,92170.0,48340.0,0.0,0.0,34220.0,897040.0,0.0,560.0,193490.0,0.0,1431100.0,7000.0,0.0
80489,2012,0.0,0.0,0.0,340.0,0.0,0.0,0.0,0.0,0.0,0.0,0.0,0.0,0.0,206990.0,0.0,17490.0,80.0,7470.0,0.0,40810.0,0.0,17300.0,309240.0,0.0,92260.0,0.0,0.0,32700.0,1326360.0,0.0,0.0,152200.0,0.0,1913580.0,17040.0,0.0
80489,2013,0.0,0.0,0.0,330.0,0.0,0.0,0.0,0.0,0.0,0.0,0.0,0.0,0.0,43860.0,0.0,15880.0,0.0,5250.0,0.0,99090.0,0.0,18420.0,482370.0,0.0,42520.0,0.0,0.0,3370.0,1220660.0,810.0,0.0,127860.0,0.0,1856100.0,3630.0,0.0
80497,2011,300000.0,0.0,0.0,0.0,0.0,31080.0,0.0,0.0,0.0,0.0,0.0,0.0,0.0,0.0,0.0,43140.0,0.0,141410.0,0.0,113670.0,0.0,92810.0,670510.0,0.0,329170.0,0.0,0.0,212000.0,2774190.0,0.0,0.0,607280.0,0.0,1821860.0,58510.0,0.0
80497,2012,300000.0,0.0,0.0,0.0,0.0,0.0,0.0,0.0,0.0,0.0,0.0,0.0,0.0,0.0,0.0,43540.0,310.0,0.0,0.0,53680.0,0.0,99350.0,638060.0,0.0,119120.0,0.0,0.0,229360.0,4015550.0,0.0,0.0,893540.0,0.0,2736640.0,0.0,0.0
80497,2013,300000.0,0.0,0.0,0.0,0.0,0.0,0.0,0.0,0.0,0.0,0.0,0.0,0.0,0.0,0.0,57430.0,0.0,0.0,0.0,48010.0,0.0,73890.0,773130.0,0.0,144010.0,0.0,0.0,227770.0,4175930.0,0.0,0.0,890750.0,0.0,2391180.0,0.0,0.0
89010,2011,15077970.0,0.0,0.0,182570.0,0.0,10830.0,760.0,0.0,100.0,65250.0,0.0,0.0,479570.0,15170.0,0.0,747850.0,5070.0,703670.0,503040.0,2864750.0,0.0,1158020.0,16127270.0,0.0,26726970.0,0.0,0.0,5507870.0,53043570.0,0.0,4880.0,16902590.0,0.0,14817400.0,189430.0,297080.0
89010,2012,16111370.0,0.0,0.0,122710.0,0.0,12410.0,560.0,0.0,150.0,59110.0,0.0,5698350.0,266860.0,55650.0,0.0,735790.0,0.0,939010.0,260340.0,3215160.0,0.0,972700.0,17512910.0,0.0,22498040.0,0.0,0.0,5710880.0,81871980.0,0.0,890.0,18388530.0,0.0,9442160.0,301410.0,1407870.0
89010,2013,0.0,6816690.0,0.0,97040.0,0.0,15310.0,180.0,3007260.0,0.0,36320.0,0.0,0.0,25780.0,163000.0,0.0,725050.0,0.0,877390.0,435610.0,4405990.0,0.0,1871300.0,19462020.0,0.0,15732540.0,0.0,0.0,4951920.0,78993810.0,0.0,2720.0,19801960.0,0.0,9908730.0,189300.0,105360.0
