mun_id,year,plan,actual,budget_data,income_value,income_data,transfers,debt
70017,2011,,,,4246110.0,1.0,1582200.0,0.0
70017,2012,,,,5570990.0,1.0,2362940.0,0.0
70017,2013,,,,5762180.0,1.0,2648800.0,0.0
70025,2011,,,,7900440.0,1.0,3302780.0,49270.0
70025,2012,,,,11528710.0,1.0,4946660.0,262940.0
70025,2013,,,,11891670.0,1.0,5297620.0,0.0
70033,2011,11958870.0,8239850.0,1.0,9540890.0,1.0,2335110.0,0.0
70033,2012,16343420.0,12777650.0,1.0,13343630.0,1.0,3821440.0,0.0
70033,2013,14804430.0,11760720.0,1.0,12271480.0,1.0,2964370.0,0.0
70033,2014,15029220.0,9819270.0,1.0,,,,
70033,2015,15826640.0,,1.0,,,,
70041,2011,,,,4677950.0,1.0,1070880.0,301180.0
70041,2012,,,,4490000.0,1.0,1001180.0,0.0
70041,2013,,,,4040580.0,1.0,1120330.0,0.0
70050,2011,2796620.0,2294920.0,1.0,2333920.0,1.0,1230420.0,0.0
70050,2012,4535450.0,3949880.0,1.0,3925750.0,1.0,2617030.0,0.0
70050,2013,4389680.0,3718670.0,1.0,3732620.0,1.0,2587360.0,0.0
70050,2014,4246740.0,3395840.0,1.0,,,,
70050,2015,4356460.0,,1.0,,,,
70068,2011,10029762.3,8196034.6,1.0,8177500.0,1.0,1161950.0,169910.0
70068,2012,11270902.1,9559511.5,1.0,9634950.0,1.0,1781190.0,37100.0
70068,2013,10142480.0,7903794.2,1.0,8107860.0,1.0,2070730.0,200000.0
70068,2014,10081920.0,7957779.3,1.0,,,,
70068,2015,8397860.1,,1.0,,,,
70076,2011,,,,2705640.0,1.0,1099320.0,0.0
70076,2012,,,,3723200.0,1.0,1597360.0,0.0
70076,2013,,,,3365410.0,1.0,1248670.0,0.0
70084,2011,,,,2598950.0,1.0,1476210.0,256390.0
70084,2012,,,,4424960.0,1.0,2921120.0,9780.0
70084,2013,,,,4488780.0,1.0,2572840.0,0.0
70114,2011,6536550.0,5861710.0,1.0,,,,
70114,2012,6278320.0,4658840.0,1.0,,,,
70114,2013,6244800.0,5337270.0,1.0,,,,
70114,2014,4443980.0,4098950.0,1.0,,,,
70114,2015,4639500.0,,1.0,,,,
70149,2011,7599470.0,6863330.0,1.0,,,,
70149,2012,6631440.0,6478780.0,1.0,,,,
70149,2013,6610480.0,6362350.0,1.0,,,,
70149,2014,5063230.0,4806000.0,1.0,,,,
70149,2015,5749760.0,,1.0,,,,
70157,2011,7705800.0,7088610.0,1.0,,,,
70157,2012,8214910.0,7553530.0,1.0,,,,
70157,2013,6963580.0,6587320.0,1.0,,,,
70157,2014,6696970.0,5875880.0,1.0,,,,
70157,2015,7412590.0,,1.0,,,,
70173,2011,6580505.4,6274402.6,1.0,,,,
70173,2012,7186206.7,6714387.7,1.0,,,,
70173,2013,6426796.4,5800767.0,1.0,,,,
70173,2014,5409857.6,4949531.8,1.0,,,,
70173,2015,5332167.3,,1.0,,,,
70181,2011,7106600.0,6701850.0,1.0,,,,
70181,2012,6386040.0,5998700.0,1.0,,,,
70181,2013,6383360.0,6198040.0,1.0,,,,
70181,2014,5938580.0,5675030.0,1.0,,,,
70181,2015,6357110.0,,1.0,,,,
70203,2011,8584190.0,7770010.0,1.0,,,,
70203,2012,7378900.0,6700550.0,1.0,,,,
70203,2013,6075320.0,5687680.0,1.0,,,,
70203,2014,5921100.0,5022030.0,1.0,,,,
70203,2015,6594810.0,,1.0,,,,
70211,2011,6612160.0,5349700.0,1.0,,,,
70211,2012,8068750.0,6720210.0,1.0,,,,
70211,2013,6128910.0,5050440.0,1.0,,,,
70211,2014,4902200.0,4477400.0,1.0,,,,
70211,2015,5090190.0,,1.0,,,,
70262,2011,2095590.0,1953730.0,1.0,2152810.0,1.0,941180.0,0.0
70262,2012,3409510.0,2951640.0,1.0,3342190.0,1.0,1816230.0,0.0
70262,2013,3252860.0,2544040.0,1.0,3192540.0,1.0,1798090.0,0.0
70262,2014,3676630.0,2886790.0,1.0,,,,
70262,2015,3699940.0,,1.0,,,,
70289,2011,5035150.0,4738498.6,1.0,1995900.0,1.0,1144430.0,0.0
70289,2012,5960000.0,5769680.7,1.0,6439420.0,1.0,3138450.0,259620.0
70289,2013,6025000.0,5912050.0,1.0,6133260.0,1.0,3499060.0,0.0
70289,2014,5870000.0,5020545.6,1.0,,,,
70289,2015,6463369.8,,1.0,,,,
70297,2011,2339220.0,1762310.0,1.0,1824830.0,1.0,1243740.0,0.0
70297,2012,3519100.0,3044210.0,1.0,3065130.0,1.0,2170380.0,0.0
70297,2013,3865040.0,3114580.0,1.0,3057190.0,1.0,0.0,0.0
70297,2014,3397570.0,2895220.0,1.0,,,,
70297,2015,3161790.0,,1.0,,,,
70319,2011,,,,2752050.0,1.0,1391630.0,121700.0
70319,2012,,,,3892200.0,1.0,2233150.0,0.0
70319,2013,,,,4180190.0,1.0,2512020.0,0.0
70327,2011,,,,13468420.0,1.0,2826470.0,108580.0
70327,2012,,,,17736450.0,1.0,3114550.0,382930.0
70327,2013,,,,18873160.0,1.0,3616060.0,0.0
70335,2011,2791265.8,1966625.8,1.0,1956350.0,1.0,989090.0,0.0
70335,2012,5378614.6,3687128.0,1.0,3937350.0,1.0,2482190.0,0.0
70335,2013,7004676.1,4292746.5,1.0,3945160.0,1.0,2818130.0,0.0
70335,2014,6054900.2,3658942.8,1.0,,,,
70335,2015,5490200.1,,1.0,,,,
70343,2011,4900000.0,3052340.0,1.0,3144250.0,1.0,1028710.0,0.0
70343,2012,5763840.0,4021410.0,1.0,4322870.0,1.0,1962840.0,0.0
70343,2013,6205810.0,4001330.0,1.0,4186080.0,1.0,2019490.0,0.0
70343,2014,6316800.0,3906380.0,1.0,,,,
70343,2015,7106180.0,,1.0,,,,
70351,2011,,,,6845680.0,1.0,3488440.0,0.0
70351,2012,,,,9356490.0,1.0,5015030.0,0.0
70351,2013,,,,9820510.0,1.0,5513680.0,0.0
70360,2011,18666395.4,17449400.2,1.0,21282690.0,1.0,3606320.0,0.0
70360,2012,23177219.1,21879332.9,1.0,26802390.0,1.0,6967000.0,0.0
70360,2013,24212574.9,21738727.0,1.0,23461720.0,1.0,5237920.0,97040.0
70360,2014,24715700.8,22547853.8,1.0,,,,
70360,2015,24494620.2,,1.0,,,,
70378,2011,,,,2642480.0,1.0,1490010.0,0.0
70378,2012,7158140.0,6525287.0,1.0,3873950.0,1.0,2409910.0,0.0
70378,2013,4679999.9,3849981.2,1.0,3844040.0,1.0,2628800.0,0.0
70378,2014,4500000.2,3771618.5,1.0,,,,
70378,2015,4435000.2,,1.0,,,,
70386,2011,,,,6958260.0,1.0,2280780.0,50.0
70386,2012,,,,9267910.0,1.0,3494460.0,0.0
70386,2013,,,,8804960.0,1.0,3630770.0,0.0
70394,2011,3368098.3,2939502.2,1.0,4035710.0,1.0,1357070.0,10000.0
70394,2012,6432514.1,4506370.0,1.0,5063010.0,1.0,2175820.0,0.0
70394,2013,5303352.1,4653333.9,1.0,5201810.0,1.0,2351910.0,0.0
70394,2014,3032342.0,2840634.6,1.0,,,,
70394,2015,5316525.7,,1.0,,,,
70408,2011,,,,1342160.0,1.0,0.0,0.0
70408,2012,,,,1393670.0,1.0,0.0,0.0
70408,2013,,,,3793880.0,1.0,2109030.0,0.0
70416,2011,3711436.9,3243900.7,1.0,3896500.0,1.0,0.0,400000.0
70416,2012,6009999.9,5612250.2,1.0,5985870.0,1.0,0.0,0.0
70416,2013,6476632.7,5610463.8,1.0,5511110.0,1.0,3060870.0,0.0
70416,2014,6106760.1,5317664.5,1.0,,,,
70416,2015,5607600.0,,1.0,,,,
70424,2011,,,,4536760.0,1.0,2305810.0,60000.0
70424,2012,,,,6545350.0,1.0,3485320.0,30000.0
70424,2013,,,,6348990.0,1.0,3431120.0,233960.0
70459,2011,9486152.1,5181747.4,1.0,6616120.0,1.0,756140.0,428940.0
70459,2012,6557871.6,5799746.9,1.0,7975250.0,1.0,1670330.0,475000.0
70459,2013,9119500.7,7923804.3,1.0,9226470.0,1.0,1735560.0,1395200.0
70459,2014,8343120.5,6709097.4,1.0,,,,
70459,2015,8945080.0,,1.0,,,,
70467,2011,3120400.0,2331740.0,1.0,2002790.0,1.0,1030080.0,0.0
70467,2012,4226720.0,3004160.0,1.0,3027400.0,1.0,2119530.0,0.0
70467,2013,4332100.0,2519460.0,1.0,2619480.0,1.0,1670910.0,0.0
70467,2014,4952470.0,2589750.0,1.0,,,,
70467,2015,4736310.0,,1.0,,,,
70475,2011,2589480.0,2007750.0,1.0,1814650.0,1.0,942540.0,0.0
70475,2012,2716750.0,2530600.0,1.0,2666220.0,1.0,1703400.0,0.0
70475,2013,3078210.0,2501400.0,1.0,2833350.0,1.0,1855070.0,0.0
70475,2014,3623610.0,2736070.0,1.0,,,,
70475,2015,3132510.0,,1.0,,,,
70483,2011,9541900.0,9282980.0,1.0,10504870.0,1.0,1858300.0,170010.0
70483,2012,11817600.0,10586070.0,1.0,12805570.0,1.0,2335850.0,0.0
70483,2013,13824480.0,10731090.0,1.0,12931430.0,1.0,2847820.0,0.0
70483,2014,15934000.0,11387970.0,1.0,,,,
70483,2015,14622420.0,,1.0,,,,
70491,2011,5819386.9,5072825.9,1.0,5765420.0,1.0,2176030.0,300000.0
70491,2012,6823405.5,6503624.7,1.0,6482230.0,1.0,2486790.0,0.0
70491,2013,6977150.7,6289859.9,1.0,6678340.0,1.0,2880850.0,0.0
70491,2014,7356035.6,6079011.3,1.0,,,,
70491,2015,6824998.4,,1.0,,,,
70505,2011,,,,4015150.0,1.0,892950.0,0.0
70505,2012,,,,4812440.0,1.0,1198550.0,0.0
70505,2013,,,,5345080.0,1.0,1558290.0,0.0
70513,2011,2688170.0,2499630.0,1.0,2548210.0,1.0,1147500.0,0.0
70513,2012,3853410.0,3544780.0,1.0,4067560.0,1.0,2118790.0,0.0
70513,2013,4367370.0,3588960.0,1.0,4029930.0,1.0,2098760.0,0.0
70513,2014,4278170.0,3343470.0,1.0,,,,
70513,2015,4288470.0,,1.0,,,,
70521,2011,2112354.8,1561854.4,1.0,2019320.0,1.0,1144950.0,140.0
70521,2012,3054740.0,2784587.9,1.0,2634440.0,1.0,1869630.0,0.0
70521,2013,3056108.9,2716645.1,1.0,2891060.0,1.0,1889620.0,0.0
70521,2014,2976631.4,2230936.2,1.0,,,,
70521,2015,2900591.0,,1.0,,,,
70530,2011,4764600.0,2197720.0,1.0,2514330.0,1.0,1479740.0,0.0
70530,2012,3821710.0,3579600.0,1.0,3873160.0,1.0,2666870.0,0.0
70530,2013,4626080.0,3624530.0,1.0,3860560.0,1.0,2759660.0,0.0
70530,2014,5083660.0,3849470.0,1.0,,,,
70530,2015,4345490.0,,1.0,,,,
70548,2011,3181140.0,2343370.0,1.0,2858660.0,1.0,1600960.0,0.0
70548,2012,4758690.0,4083320.0,1.0,4126470.0,1.0,2712820.0,0.0
70548,2013,1494350.0,1192710.0,1.0,4417930.0,1.0,2399050.0,0.0
70548,2014,4569480.0,3497090.0,1.0,,,,
70548,2015,60975410.0,,1.0,,,,
70556,2011,24171107.1,13535465.8,1.0,15387620.0,1.0,2486150.0,2863530.0
70556,2012,18167807.2,14581354.7,1.0,15635660.0,1.0,3206360.0,0.0
70556,2013,19809014.3,14249664.1,1.0,15314060.0,1.0,3446480.0,0.0
70556,2014,18913782.1,1712960.7,1.0,,,,
70556,2015,24028905.2,,1.0,,,,
70564,2011,7324800.0,6180240.0,1.0,7082510.0,1.0,149070.0,0.0
70564,2012,9227120.0,7372557.1,1.0,8022090.0,1.0,188520.0,0.0
70564,2013,9252970.0,7775330.0,1.0,8319810.0,1.0,89350.0,0.0
70564,2014,11441920.0,6973270.0,1.0,,,,
70564,2015,10138580.0,,1.0,,,,
70572,2011,8895184.5,6506824.3,1.0,6348050.0,1.0,914050.0,558040.0
70572,2012,8327874.7,6959975.8,1.0,7639270.0,1.0,1532640.0,0.0
70572,2013,7977740.0,6558925.2,1.0,6550100.0,1.0,1694310.0,0.0
70572,2014,7767864.0,6441752.9,1.0,,,,
70572,2015,6876962.6,,1.0,,,,
70599,2011,3079830.0,2326930.0,1.0,2506740.0,1.0,1512480.0,0.0
70599,2012,3857000.0,2850860.0,1.0,3214520.0,1.0,1974500.0,0.0
70599,2013,3988020.0,2673800.0,1.0,3251300.0,1.0,2046480.0,0.0
70599,2014,4077840.0,2949520.0,1.0,,,,
70599,2015,4167220.0,,1.0,,,,
70602,2011,7327050.0,6582230.0,1.0,6432410.0,1.0,2964490.0,0.0
70602,2012,9895030.0,9588750.0,1.0,9653820.0,1.0,4881240.0,0.0
70602,2013,9480570.0,8579530.0,1.0,8689160.0,1.0,4460510.0,0.0
70602,2014,9746720.0,8114870.0,1.0,,,,
70602,2015,9936200.0,,1.0,,,,
70629,2011,,,,2506040.0,1.0,708590.0,0.0
70629,2012,,,,5599070.0,1.0,1268620.0,1014210.0
70629,2013,,,,3600750.0,1.0,792850.0,600000.0
70637,2011,2265500.0,1874640.0,1.0,2772260.0,1.0,1054390.0,0.0
70637,2012,3360980.0,2882690.0,1.0,3280230.0,1.0,1654860.0,0.0
70637,2013,3073470.0,2732700.0,1.0,3405720.0,1.0,1797790.0,0.0
70637,2014,2998300.0,2582760.0,1.0,,,,
70637,2015,2825640.0,,1.0,,,,
70645,2011,,,,49007560.0,1.0,8276080.0,3620000.0
70645,2012,,,,58075230.0,1.0,8107320.0,4230000.0
70645,2013,,,,59689870.0,1.0,8150110.0,2400000.0
70653,2011,43820340.0,39023170.0,1.0,39223830.0,1.0,21815890.0,1600000.0
70653,2012,33224380.0,29774260.0,1.0,30617670.0,1.0,9183110.0,0.0
70653,2013,34368170.0,29607260.0,1.0,31810960.0,1.0,7776420.0,0.0
70653,2014,34021120.0,29385200.0,1.0,,,,
70653,2015,35075730.0,,1.0,,,,
70661,2011,3449210.0,2740720.0,1.0,3136700.0,1.0,1601450.0,305430.0
70661,2012,4808800.0,3789350.0,1.0,4299910.0,1.0,2666040.0,440.0
70661,2013,6014500.0,5043080.0,1.0,4785930.0,1.0,2891630.0,244570.0
70661,2014,5821700.0,4493200.0,1.0,,,,
70661,2015,5666980.0,,1.0,,,,
70670,2011,28515480.0,22919260.0,1.0,22653500.0,1.0,4739370.0,737350.0
70670,2012,33114730.0,28429270.0,1.0,28439680.0,1.0,5560730.0,0.0
70670,2013,32798990.0,27128120.0,1.0,26776770.0,1.0,5797060.0,0.0
70670,2014,30404610.0,25530710.0,1.0,,,,
70670,2015,28047040.0,,1.0,,,,
70688,2011,3729999.9,3400465.6,1.0,3731840.0,1.0,1682050.0,0.0
70688,2012,6117046.5,5565356.4,1.0,6243670.0,1.0,3167100.0,0.0
70688,2013,5293993.2,4453163.9,1.0,6536650.0,1.0,3351810.0,0.0
70688,2014,7837886.0,7055758.9,1.0,,,,
70688,2015,6598500.0,,1.0,,,,
70696,2011,3538510.0,3214770.0,1.0,3138270.0,1.0,1633290.0,0.0
70696,2012,4579000.0,4386510.0,1.0,4469150.0,1.0,2612170.0,0.0
70696,2013,4970000.0,4333180.0,1.0,4558680.0,1.0,2725140.0,0.0
70696,2014,5170000.0,4547950.0,1.0,,,,
70696,2015,5110000.0,,1.0,,,,
70700,2011,12777656.0,7665501.0,1.0,8972920.0,1.0,505880.0,0.0
70700,2012,14021259.6,8385872.9,1.0,7447530.0,1.0,632440.0,0.0
70700,2013,13547916.9,8481529.6,1.0,8183750.0,1.0,681260.0,0.0
70700,2014,9987413.3,7676215.0,1.0,,,,
70700,2015,9118092.4,,1.0,,,,
70718,2011,,,,2835250.0,1.0,0.0,0.0
70718,2012,,,,4702990.0,1.0,3112220.0,0.0
70718,2013,,,,5037010.0,1.0,3451360.0,157260.0
70726,2011,25053080.0,22799200.0,1.0,25891620.0,1.0,7231270.0,2014910.0
70726,2012,31175630.0,29471300.0,1.0,31852900.0,1.0,9279820.0,1842820.0
70726,2013,32169430.0,28365350.0,1.0,29595720.0,1.0,9708860.0,0.0
70726,2014,31980550.0,27888430.0,1.0,,,,
70726,2015,36464850.0,,1.0,,,,
70734,2011,15393300.0,13199100.6,1.0,14103830.0,1.0,4433340.0,0.0
70734,2012,21193660.0,17699920.8,1.0,17953400.0,1.0,5947120.0,0.0
70734,2013,23848630.9,18770739.1,1.0,19601330.0,1.0,7662640.0,0.0
70734,2014,21660004.9,17478110.4,1.0,,,,
70734,2015,21406304.5,,1.0,,,,
70742,2011,,,,4930350.0,1.0,1356760.0,400000.0
70742,2012,,,,5741920.0,1.0,1686730.0,0.0
70742,2013,,,,5549970.0,1.0,1697040.0,0.0
70769,2011,2515070.0,2338650.0,1.0,2351880.0,1.0,926110.0,7210.0
70769,2012,3644890.0,3185280.0,1.0,3187120.0,1.0,1383040.0,0.0
70769,2013,4070000.0,3171720.0,1.0,3205520.0,1.0,1446350.0,0.0
70769,2014,3949270.0,3374960.0,1.0,,,,
70769,2015,3919110.0,,1.0,,,,
70777,2011,4580530.0,3386900.0,1.0,3131430.0,1.0,979540.0,0.0
70777,2012,6430140.0,5693610.0,1.0,5972980.0,1.0,2530920.0,0.0
70777,2013,5997080.0,5151820.0,1.0,5021170.0,1.0,2074790.0,0.0
70777,2014,6281700.0,5179810.0,1.0,,,,
70777,2015,6439050.0,,1.0,,,,
70785,2011,,,,6035450.0,1.0,1955980.0,0.0
70785,2012,,,,7154250.0,1.0,2500080.0,0.0
70785,2013,,,,7188040.0,1.0,2858000.0,0.0
70793,2011,3784080.0,3361160.0,1.0,3134120.0,1.0,823470.0,171260.0
70793,2012,4737400.0,3848650.0,1.0,4197550.0,1.0,1568430.0,0.0
70793,2013,4825050.0,3566280.0,1.0,4324660.0,1.0,1625070.0,0.0
70793,2014,5976400.0,4508440.0,1.0,,,,
70793,2015,6471420.0,,1.0,,,,
70807,2011,,,,2024870.0,1.0,1289410.0,0.0
70807,2012,,,,3077030.0,1.0,2215840.0,0.0
70807,2013,,,,3148920.0,1.0,2283530.0,0.0
70815,2011,2784700.0,2635340.0,1.0,2406420.0,1.0,1367570.0,200000.0
70815,2012,3773870.0,3588580.0,1.0,3914510.0,1.0,2425370.0,0.0
70815,2013,4649590.0,4186830.0,1.0,4372920.0,1.0,2558320.0,394510.0
70815,2014,4305470.0,3518970.0,1.0,,,,
70815,2015,4949250.0,,1.0,,,,
70823,2011,,,,2271790.0,1.0,1266590.0,50000.0
70823,2012,,,,3331370.0,1.0,2087010.0,0.0
70823,2013,,,,3289320.0,1.0,1897840.0,0.0
70831,2011,4750120.0,2124570.0,1.0,2314630.0,1.0,958400.0,41500.0
70831,2012,4104700.0,3818840.0,1.0,3636050.0,1.0,1791510.0,40000.0
70831,2013,3763510.0,3236020.0,1.0,3592780.0,1.0,1746940.0,133000.0
70831,2014,4057440.0,3194900.0,1.0,,,,
70831,2015,999360.0,,1.0,,,,
70840,2011,8848670.0,7502161.6,1.0,8855230.0,1.0,2552640.0,0.0
70840,2012,10239500.0,8500201.5,1.0,10394240.0,1.0,2879050.0,0.0
70840,2013,11444650.0,9494255.1,1.0,11222740.0,1.0,3246060.0,442970.0
70840,2014,9987360.1,8413792.6,1.0,,,,
70840,2015,10936585.6,,1.0,,,,
70866,2011,,,,3944910.0,1.0,1142060.0,0.0
70866,2012,,,,5818490.0,1.0,2415970.0,0.0
70866,2013,,,,5900320.0,1.0,2135570.0,0.0
70874,2011,8271050.0,6352040.0,1.0,28692980.0,1.0,4236080.0,2004960.0
70874,2012,9804770.0,9451520.0,1.0,20874070.0,1.0,5686060.0,1001000.0
70874,2013,13302620.0,11469840.0,1.0,19505700.0,1.0,5725310.0,0.0
70874,2014,12428470.0,10470530.0,1.0,,,,
70874,2015,16259060.0,,1.0,,,,
70882,2011,2905750.0,2222040.0,1.0,2238110.0,1.0,1331320.0,0.0
70882,2012,3935630.0,2909660.0,1.0,3175810.0,1.0,2029190.0,0.0
70882,2013,3444730.0,3089720.0,1.0,3139590.0,1.0,2098670.0,0.0
70882,2014,3487980.0,3018490.0,1.0,,,,
70882,2015,3026380.0,,1.0,,,,
70904,2011,13489000.0,10263380.0,1.0,10451740.0,1.0,2259410.0,0.0
70904,2012,13775220.0,11541070.0,1.0,13761280.0,1.0,3141990.0,214460.0
70904,2013,14757000.0,12367390.0,1.0,13546690.0,1.0,3384120.0,230330.0
70904,2014,14347840.0,11044840.0,1.0,,,,
70904,2015,13680000.0,,1.0,,,,
70912,2011,,,,6470730.0,1.0,2410420.0,1165850.0
70912,2012,,,,7547630.0,1.0,3948020.0,31110.0
70912,2013,,,,7637920.0,1.0,4323950.0,0.0
70939,2011,11666970.0,10259570.0,1.0,11953320.0,1.0,2826830.0,5150.0
70939,2012,15710730.0,13625750.0,1.0,15311590.0,1.0,3721190.0,0.0
70939,2013,15628220.0,13203800.0,1.0,15962780.0,1.0,3621230.0,0.0
70939,2014,16233860.0,13371320.0,1.0,,,,
70939,2015,17024360.0,,1.0,,,,
70947,2011,30229050.0,23770740.0,1.0,,,,
70947,2012,32505670.0,23238790.0,1.0,,,,
70947,2013,31959740.0,22395260.0,1.0,,,,
70947,2014,35641530.0,24970660.0,1.0,,,,
70947,2015,25255710.0,,1.0,,,,
70955,2011,4844450.1,4652988.1,1.0,5204140.0,1.0,1420480.0,0.0
70955,2012,6652279.9,6309475.1,1.0,7318480.0,1.0,2371610.0,0.0
70955,2013,6856080.2,6286768.4,1.0,7120290.0,1.0,2257950.0,0.0
70955,2014,7194710.1,6366610.6,1.0,,,,
70955,2015,7680000.0,,1.0,,,,
70963,2011,5461647.1,5526525.9,1.0,5555050.0,1.0,3782130.0,0.0
70963,2012,7671673.6,7688248.2,1.0,7984370.0,1.0,5234960.0,0.0
70963,2013,8486320.9,7640433.4,1.0,7967830.0,1.0,5285200.0,0.0
70963,2014,7847578.6,7620925.6,1.0,,,,
70963,2015,7976905.1,,1.0,,,,
70971,2011,5636290.3,4020750.3,1.0,4339300.0,1.0,1953160.0,160000.0
70971,2012,6980215.9,5928835.8,1.0,6614590.0,1.0,3671710.0,0.0
70971,2013,7375996.6,6198049.4,1.0,6567040.0,1.0,3545360.0,0.0
70971,2014,7510199.8,6263870.9,1.0,,,,
70971,2015,9860613.7,,1.0,,,,
70980,2011,6290150.0,5456500.0,1.0,8776520.0,1.0,2998390.0,0.0
70980,2012,7634820.0,6863270.0,1.0,9535120.0,1.0,4846220.0,0.0
70980,2013,7299880.0,6394770.0,1.0,9084100.0,1.0,4728950.0,0.0
70980,2014,7669460.0,6032550.0,1.0,,,,
70980,2015,7372820.0,,1.0,,,,
70998,2011,,,,8055220.0,1.0,2309170.0,0.0
70998,2012,,,,11868780.0,1.0,3357300.0,0.0
70998,2013,,,,11929610.0,1.0,3684580.0,0.0
71005,2011,1673550.0,1697160.0,1.0,1618180.0,1.0,988550.0,0.0
71005,2012,2627450.0,2455600.0,1.0,2584700.0,1.0,1791420.0,0.0
71005,2013,3005550.0,2256530.0,1.0,2868270.0,1.0,2013680.0,0.0
71005,2014,3620080.0,2584430.0,1.0,,,,
71005,2015,3642730.0,,1.0,,,,
71013,2011,2696920.0,1800950.0,1.0,2673180.0,1.0,1410890.0,214070.0
71013,2012,3662660.0,2905540.0,1.0,3593420.0,1.0,2131770.0,121930.0
71013,2013,3708770.0,2836210.0,1.0,3611010.0,1.0,2378870.0,0.0
71013,2014,3779380.0,2710600.0,1.0,,,,
71013,2015,3495580.0,,1.0,,,,
71021,2011,9285780.0,8261300.0,1.0,7849850.0,1.0,1380080.0,200000.0
71021,2012,8410930.0,8272210.0,1.0,8625610.0,1.0,2259250.0,0.0
71021,2013,9846210.0,8901240.0,1.0,8898190.0,1.0,2365150.0,0.0
71021,2014,8666470.0,7356100.0,1.0,,,,
71021,2015,10111370.0,,1.0,,,,
71030,2011,,,,1907370.0,1.0,1289450.0,67530.0
71030,2012,,,,2826270.0,1.0,2059790.0,30000.0
71030,2013,,,,3006160.0,1.0,2248010.0,0.0
71048,2011,34605640.0,22974380.0,1.0,23462550.0,1.0,9255950.0,1122180.0
71048,2012,36366700.0,27990580.0,1.0,27870980.0,1.0,8576230.0,230460.0
71048,2013,29505720.0,23080540.0,1.0,22664880.0,1.0,5584880.0,398730.0
71048,2014,27252250.0,21786710.0,1.0,,,,
71048,2015,29232200.0,,1.0,,,,
71056,2011,8234223.7,7173715.9,1.0,7740760.0,1.0,1998820.0,841710.0
71056,2012,9121397.4,8441166.5,1.0,9324500.0,1.0,2358620.0,686000.0
71056,2013,10502799.0,9458897.0,1.0,10050780.0,1.0,2546980.0,747700.0
71056,2014,9594999.4,7581271.5,1.0,,,,
71056,2015,10480000.0,,1.0,,,,
71064,2011,3992870.0,2787550.0,1.0,2650100.0,1.0,1515530.0,0.0
71064,2012,4534510.0,4001840.0,1.0,4136790.0,1.0,2782540.0,0.0
71064,2013,5056420.0,3980020.0,1.0,4177790.0,1.0,2829150.0,0.0
71064,2014,5048000.0,4131560.0,1.0,,,,
71064,2015,6418200.0,,1.0,,,,
71072,2011,5950045.0,3979556.8,1.0,4384720.0,1.0,2587520.0,218800.0
71072,2012,9424100.0,7558582.2,1.0,7987470.0,1.0,4724200.0,992450.0
71072,2013,8659370.0,6605609.4,1.0,7009980.0,1.0,4533220.0,281070.0
71072,2014,7832960.0,6453835.8,1.0,,,,
71072,2015,7361054.0,,1.0,,,,
71099,2011,,,,25764330.0,1.0,4156430.0,1483390.0
71099,2012,,,,31287850.0,1.0,4844190.0,1573060.0
71099,2013,,,,25845170.0,1.0,4739800.0,0.0
71102,2011,10031810.0,7970280.0,1.0,8073420.0,1.0,2156210.0,0.0
71102,2012,12043440.0,10348840.0,1.0,10420150.0,1.0,3385070.0,0.0
71102,2013,14044550.0,10178180.0,1.0,10048980.0,1.0,3426900.0,0.0
71102,2014,10478340.0,8487550.0,1.0,,,,
71102,2015,10796150.0,,1.0,,,,
71129,2011,4033950.0,3310140.0,1.0,3348910.0,1.0,1003930.0,0.0
71129,2012,5541270.0,4621380.0,1.0,4779430.0,1.0,1644370.0,0.0
71129,2013,5959570.0,4264470.0,1.0,4594340.0,1.0,1693910.0,0.0
71129,2014,6307940.0,4577600.0,1.0,,,,
71129,2015,7379580.0,,1.0,,,,
71137,2011,6019700.0,4870540.0,1.0,4738900.0,1.0,1396270.0,100740.0
71137,2012,8229860.0,6726120.0,1.0,8196830.0,1.0,2692370.0,464730.0
71137,2013,10142660.0,7260260.0,1.0,7200690.0,1.0,2974520.0,0.0
71137,2014,10014340.0,6774040.0,1.0,,,,
71137,2015,9665400.0,,1.0,,,,
71145,2011,21479275.4,18036725.8,1.0,20073280.0,1.0,3541910.0,1000000.0
71145,2012,25091895.8,21440700.6,1.0,23712520.0,1.0,3410210.0,0.0
71145,2013,23704000.5,21956833.0,1.0,23972310.0,1.0,2672100.0,1460000.0
71145,2014,23293773.3,21217678.7,1.0,,,,
71145,2015,24000000.1,,1.0,,,,
71153,2011,4147640.0,3587480.0,1.0,4302100.0,1.0,1797960.0,230000.0
71153,2012,5217010.0,4296020.0,1.0,4603940.0,1.0,1996690.0,0.0
71153,2013,5245000.0,4486210.0,1.0,4719740.0,1.0,2232240.0,0.0
71153,2014,5820670.0,4870140.0,1.0,,,,
71153,2015,5132370.0,,1.0,,,,
71161,2011,1232600.0,1389490.0,1.0,1390810.0,1.0,780440.0,0.0
71161,2012,2840990.0,2386760.0,1.0,2613580.0,1.0,2035240.0,0.0
71161,2013,3655870.0,2927880.0,1.0,2721280.0,1.0,2210290.0,0.0
71161,2014,3677460.0,2696450.0,1.0,,,,
71161,2015,3172580.0,,1.0,,,,
71170,2011,11202858.3,8164741.9,1.0,8667450.0,1.0,3254880.0,1050000.0
71170,2012,11822710.2,9851938.7,1.0,10724540.0,1.0,4825570.0,150000.0
71170,2013,11269101.4,10336859.5,1.0,10996600.0,1.0,4866270.0,340000.0
71170,2014,10513704.2,9580008.8,1.0,,,,
71170,2015,12561728.2,,1.0,,,,
71188,2011,,,,5515430.0,1.0,3205340.0,274720.0
71188,2012,,,,7556290.0,1.0,4588050.0,0.0
71188,2013,,,,7678310.0,1.0,4945470.0,0.0
71196,2011,,,,1807150.0,1.0,792620.0,244350.0
71196,2012,,,,2727500.0,1.0,1331310.0,176270.0
71196,2013,,,,2457670.0,1.0,1180890.0,100000.0
71200,2011,6787800.0,4651884.6,1.0,4714810.0,1.0,1238340.0,80000.0
71200,2012,7900000.1,6416051.3,1.0,7300020.0,1.0,1836530.0,205370.0
71200,2013,8487000.0,6858002.8,1.0,7279850.0,1.0,2040380.0,0.0
71200,2014,8895390.1,6233474.9,1.0,,,,
71200,2015,10266000.0,,1.0,,,,
71218,2011,10651070.0,10564360.0,1.0,8654360.0,1.0,927940.0,0.0
71218,2012,10680000.0,9387070.0,1.0,9546650.0,1.0,1553510.0,0.0
71218,2013,11500000.0,9214460.0,1.0,9155120.0,1.0,1690750.0,0.0
71218,2014,9859000.0,7739990.0,1.0,,,,
71218,2015,8689700.0,,1.0,,,,
71226,2011,644296.0,565879.5,1.0,602400.0,1.0,390140.0,0.0
71226,2012,1419560.0,1116831.1,1.0,1233680.0,1.0,965900.0,0.0
71226,2013,1678338.0,1232549.6,1.0,1267780.0,1.0,1018240.0,0.0
71226,2014,1703985.2,1107109.9,1.0,,,,
71226,2015,1712000.0,,1.0,,,,
71234,2011,9446154.8,8495158.8,1.0,8306610.0,1.0,700830.0,0.0
71234,2012,11569940.2,9981623.4,1.0,9926970.0,1.0,1063130.0,1000000.0
71234,2013,16405780.2,10697804.2,1.0,12156850.0,1.0,1151440.0,0.0
71234,2014,17865999.9,14637053.6,1.0,,,,
71234,2015,19050000.0,,1.0,,,,
71242,2011,24060080.0,22403850.0,1.0,25125780.0,1.0,4642840.0,372880.0
71242,2012,30491820.0,27980460.0,1.0,29406900.0,1.0,4203990.0,0.0
71242,2013,35501020.0,31316820.0,1.0,31040630.0,1.0,4529020.0,0.0
71242,2014,33276740.0,27877770.0,1.0,,,,
71242,2015,33329540.0,,1.0,,,,
71269,2011,,,,25372140.0,1.0,3693260.0,2407860.0
71269,2012,,,,29424080.0,1.0,4173920.0,2006950.0
71269,2013,,,,28646830.0,1.0,4356300.0,1000000.0
71277,2011,1742994.0,1583915.2,1.0,1702940.0,1.0,341180.0,0.0
71277,2012,1968110.1,1957610.4,1.0,2118290.0,1.0,514740.0,0.0
71277,2013,2189255.1,1944425.5,1.0,2257320.0,1.0,521950.0,0.0
71277,2014,2329633.5,1904333.7,1.0,,,,
71277,2015,2098000.0,,1.0,,,,
71285,2011,1643000.0,1054560.0,1.0,,,,
71285,2012,1656000.0,1125550.0,1.0,,,,
71285,2013,2652150.0,1037370.0,1.0,,,,
71285,2014,1737300.0,1044860.0,1.0,,,,
71285,2015,1452600.0,,1.0,,,,
71307,2011,1281170.0,909980.0,1.0,,,,
71307,2012,1461980.0,1084660.0,1.0,,,,
71307,2013,1662140.0,1196910.0,1.0,,,,
71307,2014,1760270.0,1427720.0,1.0,,,,
71307,2015,1420340.0,,1.0,,,,
71315,2011,1343240.0,869850.0,1.0,,,,
71315,2012,1356990.0,1108450.0,1.0,,,,
71315,2013,2018790.0,1072570.0,1.0,,,,
71315,2014,1468310.0,1005480.0,1.0,,,,
71315,2015,1399030.0,,1.0,,,,
71331,2011,1698680.0,1447820.0,1.0,,,,
71331,2012,1811300.0,1571490.0,1.0,,,,
71331,2013,1928950.0,1400990.0,1.0,,,,
71331,2014,1665100.0,1333810.0,1.0,,,,
71331,2015,1817060.0,,1.0,,,,
71340,2011,2790379.0,1793422.5,1.0,,,,
71340,2012,2551964.3,2224172.0,1.0,,,,
71340,2013,1822455.1,1391167.5,1.0,,,,
71340,2014,1640159.7,1236118.4,1.0,,,,
71340,2015,887244.2,,1.0,,,,
79014,2011,959399726.7,809628106.0,1.0,956453620.0,1.0,52889350.0,146195250.0
79014,2012,1057420743.7,908016072.0,1.0,1029821040.0,1.0,0.0,82432030.0
79014,2013,780000919.1,724773091.0,1.0,871160510.0,1.0,4802020.0,56970190.0
79014,2014,766807519.5,665769110.3,1.0,,,,
79014,2015,802691535.1,,1.0,,,,
79022,2011,85744810.0,70512540.0,1.0,77317230.0,1.0,9680480.0,14423930.0
79022,2012,98292750.0,70062910.0,1.0,79198060.0,1.0,8416160.0,1093110.0
79022,2013,106511010.0,74054240.0,1.0,83495630.0,1.0,9705760.0,4963470.0
79022,2014,103846710.0,71222470.0,1.0,,,,
79022,2015,107585150.0,,1.0,,,,
79049,2011,,,,22546330.0,1.0,2744710.0,1407600.0
79049,2012,,,,24532240.0,1.0,2224700.0,0.0
79049,2013,,,,26851690.0,1.0,2305090.0,0.0
79057,2011,16028440.0,15239999.4,1.0,16337300.0,1.0,3633220.0,524380.0
79057,2012,19618430.0,19549242.5,1.0,21791760.0,1.0,4650100.0,2920.0
79057,2013,24695500.0,20065967.0,1.0,21984710.0,1.0,4754570.0,573780.0
79057,2014,22606110.0,20728610.0,1.0,,,,
79057,2015,23866990.0,,1.0,,,,
80012,2011,5183070.0,3358340.0,1.0,4497080.0,1.0,1123720.0,222730.0
80012,2012,6152570.0,6216600.0,1.0,5558650.0,1.0,1113730.0,0.0
80012,2013,5306410.0,4441714.5,1.0,4803610.0,1.0,1087560.0,0.0
80012,2014,7822030.0,5611190.0,1.0,,,,
80012,2015,8801100.0,,1.0,,,,
80039,2011,4643170.0,3905510.0,1.0,4156660.0,1.0,1599110.0,204040.0
80039,2012,5350020.0,4237390.0,1.0,5828630.0,1.0,2087640.0,200000.0
80039,2013,6792110.0,5248800.0,1.0,5602610.0,1.0,2164390.0,0.0
80039,2014,7969490.0,4925790.0,1.0,,,,
80039,2015,8189930.0,,1.0,,,,
80047,2011,8272800.0,7018130.6,1.0,7968920.0,1.0,1575720.0,0.0
80047,2012,10965533.5,9753301.4,1.0,10390060.0,1.0,2294840.0,0.0
80047,2013,10367106.2,9021364.2,1.0,9434840.0,1.0,2286500.0,0.0
80047,2014,12867377.5,10608362.8,1.0,,,,
80047,2015,10895947.3,,1.0,,,,
80055,2011,,,,3133910.0,1.0,955710.0,0.0
80055,2012,,,,3529510.0,1.0,1233690.0,0.0
80055,2013,,,,4077030.0,1.0,1388180.0,0.0
80063,2011,11937959.1,10514421.3,1.0,10415230.0,1.0,2265230.0,0.0
80063,2012,14440635.9,13022431.6,1.0,13524510.0,1.0,2826440.0,0.0
80063,2013,16192904.7,15330189.0,1.0,15409570.0,1.0,2839530.0,0.0
80063,2014,16010670.6,13357356.1,1.0,,,,
80063,2015,14258270.0,,1.0,,,,
80071,2011,8635000.0,8020841.6,1.0,8162380.0,1.0,1476150.0,40000.0
80071,2012,9519575.5,8474404.0,1.0,10177350.0,1.0,1924380.0,260000.0
80071,2013,10691413.9,9792211.2,1.0,10139570.0,1.0,1899230.0,0.0
80071,2014,10608430.5,8277957.6,1.0,,,,
80071,2015,10571230.9,,1.0,,,,
80080,2011,4479000.0,4133460.0,1.0,3993460.0,1.0,930570.0,50000.0
80080,2012,5080360.0,4850090.0,1.0,5276330.0,1.0,1982720.0,0.0
80080,2013,6577080.0,4864800.0,1.0,4897810.0,1.0,1788340.0,0.0
80080,2014,6584170.0,4787810.0,1.0,,,,
80080,2015,6693200.0,,1.0,,,,
80098,2011,3791640.0,3382720.0,1.0,3435070.0,1.0,1534100.0,0.0
80098,2012,4415540.0,3817230.0,1.0,4367340.0,1.0,2051830.0,0.0
80098,2013,4950000.0,4070000.0,1.0,4426500.0,1.0,2171720.0,0.0
80098,2014,5093460.0,3982210.0,1.0,,,,
80098,2015,4650000.0,,1.0,,,,
80101,2011,4363970.0,3886110.0,1.0,4610790.0,1.0,966810.0,0.0
80101,2012,5468710.0,4817990.0,1.0,5336660.0,1.0,1021680.0,0.0
80101,2013,4987220.0,4303390.0,1.0,4565240.0,1.0,1006590.0,0.0
80101,2014,5959770.0,4127210.0,1.0,,,,
80101,2015,5644840.0,,1.0,,,,
80110,2011,7861660.0,6623130.0,1.0,8285210.0,1.0,2075570.0,206260.0
80110,2012,10720660.0,8789430.0,1.0,10142970.0,1.0,2196690.0,0.0
80110,2013,11100870.0,9347430.0,1.0,11089230.0,1.0,2266740.0,0.0
80110,2014,13529960.0,8471850.0,1.0,,,,
80110,2015,13877030.0,,1.0,,,,
80128,2011,,,,16021020.0,1.0,2083290.0,1544950.0
80128,2012,,,,19619560.0,1.0,2027670.0,380180.0
80128,2013,,,,20237200.0,1.0,2466660.0,1174640.0
80136,2011,5839070.0,4029010.0,1.0,4255130.0,1.0,1631480.0,76020.0
80136,2012,7522890.0,5851650.0,1.0,6364590.0,1.0,2291600.0,0.0
80136,2013,8063020.0,5906190.0,1.0,6280820.0,1.0,2232530.0,0.0
80136,2014,8437150.0,5854650.0,1.0,,,,
80136,2015,8662900.0,,1.0,,,,
80144,2011,5463375.1,4752018.2,1.0,5214700.0,1.0,2718300.0,0.0
80144,2012,7370106.2,5192720.2,1.0,6809480.0,1.0,3036830.0,0.0
80144,2013,8886343.0,5936242.8,1.0,6378000.0,1.0,2706020.0,0.0
80144,2014,8179489.0,6300785.9,1.0,,,,
80144,2015,7927622.2,,1.0,,,,
80152,2011,36384000.0,31017834.3,1.0,35546490.0,1.0,4675040.0,361050.0
80152,2012,42012290.1,36246897.2,1.0,41613590.0,1.0,4585810.0,718780.0
80152,2013,45110827.7,35345596.1,1.0,37086270.0,1.0,3868090.0,0.0
80152,2014,46121669.2,38093252.9,1.0,,,,
80152,2015,49517017.8,,1.0,,,,
80179,2011,,,,13743290.0,1.0,2665120.0,0.0
80179,2012,,,,15581360.0,1.0,3099600.0,0.0
80179,2013,,,,14413670.0,1.0,2154470.0,0.0
80187,2011,,,,3129190.0,1.0,972180.0,90000.0
80187,2012,,,,4644410.0,1.0,2049310.0,350000.0
80187,2013,,,,4203610.0,1.0,1467700.0,550000.0
80195,2011,10000000.0,8380170.0,1.0,9690240.0,1.0,1455830.0,473320.0
80195,2012,12300000.0,10194050.0,1.0,11556210.0,1.0,1351150.0,0.0
80195,2013,12000000.0,9682500.0,1.0,10235580.0,1.0,1277690.0,0.0
80195,2014,8950000.0,7687070.0,1.0,,,,
80195,2015,10409300.0,,1.0,,,,
80209,2011,18891079.9,17564224.6,1.0,17415630.0,1.0,2693560.0,0.0
80209,2012,22758577.7,21115939.4,1.0,21406770.0,1.0,2884310.0,0.0
80209,2013,22075952.5,19804129.2,1.0,19457920.0,1.0,2916920.0,0.0
80209,2014,22081948.7,19233979.5,1.0,,,,
80209,2015,19834268.2,,1.0,,,,
80217,2011,5311770.0,4755800.0,1.0,5182830.0,1.0,1860890.0,706030.0
80217,2012,6450000.0,6150120.0,1.0,7633660.0,1.0,2533080.0,0.0
80217,2013,6391280.0,5601940.0,1.0,6417150.0,1.0,2649670.0,0.0
80217,2014,7630000.0,6057530.0,1.0,,,,
80217,2015,8970000.0,,1.0,,,,
80225,2011,7764419.2,6129104.8,1.0,7344070.0,1.0,1941500.0,0.0
80225,2012,10675966.7,8526719.0,1.0,9307400.0,1.0,2329820.0,0.0
80225,2013,11270490.3,7284476.3,1.0,9169350.0,1.0,2698320.0,0.0
80225,2014,11977325.2,7385972.9,1.0,,,,
80225,2015,11786434.0,,1.0,,,,
80233,2011,11619850.0,9899997.9,1.0,10399190.0,1.0,2175250.0,800000.0
80233,2012,14298260.0,12095186.3,1.0,11094620.0,1.0,2468190.0,0.0
80233,2013,14547110.1,11796804.8,1.0,11585120.0,1.0,2527700.0,800000.0
80233,2014,12730000.0,9458550.0,1.0,,,,
80233,2015,12174940.0,,1.0,,,,
80241,2011,,,,2375810.0,1.0,811960.0,0.0
80241,2012,,,,3170750.0,1.0,1178280.0,0.0
80241,2013,,,,3265840.0,1.0,1153620.0,0.0
80250,2011,,,,2321750.0,1.0,1134870.0,0.0
80250,2012,,,,3312290.0,1.0,1524650.0,0.0
80250,2013,,,,3220600.0,1.0,1472840.0,0.0
80268,2011,,,,4967520.0,1.0,1550280.0,0.0
80268,2012,,,,6318150.0,1.0,1734200.0,0.0
80268,2013,,,,6261440.0,1.0,1834700.0,0.0
80276,2011,,,,2738990.0,1.0,948960.0,96520.0
80276,2012,,,,4033020.0,1.0,1546120.0,0.0
80276,2013,,,,3401650.0,1.0,1396030.0,0.0
80292,2011,1590200.0,1774840.0,1.0,1807730.0,1.0,812490.0,0.0
80292,2012,2112010.0,2474450.0,1.0,2479530.0,1.0,1047330.0,0.0
80292,2013,2233050.0,2253770.0,1.0,2546190.0,1.0,1096360.0,0.0
80292,2014,2460111.0,1719311.0,1.0,,,,
80292,2015,2876640.0,,1.0,,,,
80306,2011,7022872.0,5736606.5,1.0,5125900.0,1.0,1833540.0,0.0
80306,2012,8920898.1,7676611.4,1.0,8032250.0,1.0,3143540.0,0.0
80306,2013,9784043.3,7688496.0,1.0,9710570.0,1.0,3103550.0,0.0
80306,2014,9039696.5,6627961.8,1.0,,,,
80306,2015,8784837.1,,1.0,,,,
80314,2011,51204293.5,36383478.6,1.0,39119830.0,1.0,4155010.0,1364690.0
80314,2012,53220280.1,44296800.5,1.0,48057490.0,1.0,3889180.0,2604640.0
80314,2013,53555678.4,42271795.5,1.0,47172630.0,1.0,3641340.0,1246830.0
80314,2014,52405731.0,38844566.0,1.0,,,,
80314,2015,48308373.1,,1.0,,,,
80322,2011,13882310.0,4357901.0,1.0,4791110.0,1.0,1065930.0,3720.0
80322,2012,7162496.6,5711346.0,1.0,7374180.0,1.0,2572210.0,0.0
80322,2013,12376851.4,7919057.5,1.0,9548360.0,1.0,1255070.0,3400000.0
80322,2014,17397800.0,9917413.8,1.0,,,,
80322,2015,21638959.9,,1.0,,,,
80349,2011,,,,3111570.0,1.0,1504210.0,0.0
80349,2012,,,,3982490.0,1.0,1899040.0,0.0
80349,2013,,,,4132540.0,1.0,2062940.0,0.0
80357,2011,14853461.1,11288957.9,1.0,11179180.0,1.0,2514100.0,0.0
80357,2012,18327734.8,14004985.2,1.0,13955870.0,1.0,2790180.0,0.0
80357,2013,18538035.8,14923197.6,1.0,14931110.0,1.0,3056990.0,996380.0
80357,2014,16778253.2,13895923.7,1.0,,,,
80357,2015,17094364.6,,1.0,,,,
80365,2011,7600620.0,5254250.0,1.0,5456010.0,1.0,1168730.0,0.0
80365,2012,8633120.0,6655100.0,1.0,7225480.0,1.0,1210680.0,13500.0
80365,2013,9039402.1,6438994.7,1.0,6528400.0,1.0,1152090.0,0.0
80365,2014,9312958.4,6618562.4,1.0,,,,
80365,2015,8371598.0,,1.0,,,,
80373,2011,3370760.0,3195120.0,1.0,3190410.0,1.0,1428540.0,0.0
80373,2012,4653850.0,4497740.0,1.0,4578730.0,1.0,1673210.0,0.0
80373,2013,7833120.0,7627710.0,1.0,4261020.0,1.0,1550670.0,0.0
80373,2014,4880030.0,4384620.0,1.0,,,,
80373,2015,4581710.0,,1.0,,,,
80381,2011,21248945.6,18258584.9,1.0,20809830.0,1.0,3701740.0,1541410.0
80381,2012,24422030.5,21794944.9,1.0,23864680.0,1.0,5136740.0,17790.0
80381,2013,26642176.1,21892413.9,1.0,21542940.0,1.0,4312930.0,0.0
80381,2014,27841079.5,22246173.1,1.0,,,,
80381,2015,26824279.1,,1.0,,,,
80390,2011,,,,3734810.0,1.0,714610.0,0.0
80390,2012,,,,5500730.0,1.0,1282030.0,0.0
80390,2013,,,,5633780.0,1.0,1397400.0,0.0
80403,2011,20426030.0,16088320.0,1.0,16203350.0,1.0,2949460.0,245680.0
80403,2012,22627410.0,19842730.0,1.0,20499350.0,1.0,3201580.0,0.0
80403,2013,24281480.0,22021650.0,1.0,21221870.0,1.0,3728830.0,0.0
80403,2014,25245900.0,20767800.0,1.0,,,,
80403,2015,32120450.0,,1.0,,,,
80411,2011,2480000.0,1988180.0,1.0,2491800.0,1.0,381550.0,0.0
80411,2012,3000000.0,2625910.0,1.0,2502020.0,1.0,532890.0,0.0
80411,2013,2900000.0,2382450.0,1.0,2725370.0,1.0,811340.0,0.0
80411,2014,3100000.0,2750480.0,1.0,,,,
80411,2015,3000000.0,,1.0,,,,
80420,2011,19668660.0,13460370.3,1.0,15763690.0,1.0,1837870.0,278770.0
80420,2012,24320060.0,18189072.3,1.0,22887020.0,1.0,2496550.0,1353760.0
80420,2013,32390240.0,17958323.9,1.0,19039830.0,1.0,2420870.0,0.0
80420,2014,29860930.0,21865453.7,1.0,,,,
80420,2015,28444560.0,,1.0,,,,
80438,2011,58835540.0,38402530.0,1.0,39387920.0,1.0,6487380.0,1160780.0
80438,2012,57466280.0,47207660.0,1.0,46614920.0,1.0,5479820.0,28590.0
80438,2013,55099770.0,43623500.0,1.0,43401120.0,1.0,5245730.0,7800.0
80438,2014,55307360.0,44602020.0,1.0,,,,
80438,2015,57891770.0,,1.0,,,,
80446,2011,6095850.0,5091500.0,1.0,5716820.0,1.0,1349130.0,0.0
80446,2012,6913260.0,6405270.0,1.0,7496880.0,1.0,1434010.0,0.0
80446,2013,8181560.0,6436570.0,1.0,7302530.0,1.0,1705890.0,0.0
80446,2014,7409170.0,6472290.0,1.0,,,,
80446,2015,9299450.0,,1.0,,,,
80454,2011,2605080.0,2352200.0,1.0,2624120.0,1.0,992850.0,174490.0
80454,2012,4117170.0,3332340.4,1.0,3859220.0,1.0,1547410.0,364740.0
80454,2013,7330764.3,3287362.5,1.0,3689900.0,1.0,1482610.0,0.0
80454,2014,5504030.0,3451885.8,1.0,,,,
80454,2015,5732740.0,,1.0,,,,
80462,2011,10066440.0,9890960.0,1.0,11443710.0,1.0,1897600.0,1100000.0
80462,2012,14617090.0,12712870.0,1.0,12344340.0,1.0,2420950.0,0.0
80462,2013,31061910.0,28205130.0,1.0,13123260.0,1.0,2471850.0,600000.0
80462,2014,13302020.0,11190110.0,1.0,,,,
80462,2015,12995610.0,,1.0,,,,
80489,2011,2086920.0,1477540.0,1.0,3266390.0,1.0,1431100.0,0.0
80489,2012,2307350.0,1484000.0,1.0,4133860.0,1.0,1913580.0,0.0
80489,2013,2535410.0,1498020.0,1.0,3920150.0,1.0,1856100.0,0.0
80489,2014,3136360.0,2215890.0,1.0,,,,
80489,2015,4029670.0,,1.0,,,,
80497,2011,7799350.0,6785130.0,1.0,7195630.0,1.0,1821860.0,300000.0
80497,2012,9746730.0,9082180.0,1.0,9129150.0,1.0,2736640.0,300000.0
80497,2013,9800620.0,9116930.0,1.0,9082100.0,1.0,2391180.0,300000.0
80497,2014,9532000.0,8179620.0,1.0,,,,
80497,2015,10952020.0,,1.0,,,,
89010,2011,204298405.5,144298234.2,1.0,155431680.0,1.0,14817400.0,15077970.0
89010,2012,235186746.6,160932467.5,1.0,185584840.0,1.0,9442160.0,16111370.0
89010,2013,242611060.4,159771298.4,1.0,167625280.0,1.0,9908730.0,6816690.0
89010,2014,247410978.2,173658697.1,1.0,,,,
89010,2015,199616082.9,,1.0,,,,
